{
"meta":{"test_sets":[],"test_metrics":[],"learn_metrics":[{"best_value":"Min","name":"RMSE"}],"launch_mode":"Train","parameters":"","iteration_count":1000,"learn_sets":["learn"],"name":"experiment"},
"iterations":[
{"learn":[14.61268541],"iteration":0,"passed_time":0.144175975,"remaining_time":144.0317991},
{"learn":[14.23196558],"iteration":1,"passed_time":0.1471512664,"remaining_time":73.42848192},
{"learn":[13.86674177],"iteration":2,"passed_time":0.1502526581,"remaining_time":49.93396671},
{"learn":[13.49946468],"iteration":3,"passed_time":0.1546216174,"remaining_time":38.50078274},
{"learn":[13.16661202],"iteration":4,"passed_time":0.1582752773,"remaining_time":31.49678018},
{"learn":[12.85632158],"iteration":5,"passed_time":0.1624912464,"remaining_time":26.91938316},
{"learn":[12.56784336],"iteration":6,"passed_time":0.1719780954,"remaining_time":24.39632125},
{"learn":[12.31617801],"iteration":7,"passed_time":0.176693145,"remaining_time":21.90994997},
{"learn":[12.01509946],"iteration":8,"passed_time":0.1800424084,"remaining_time":19.82466964},
{"learn":[11.71512571],"iteration":9,"passed_time":0.1834342316,"remaining_time":18.15998893},
{"learn":[11.43264457],"iteration":10,"passed_time":0.1873132378,"remaining_time":16.84116292},
{"learn":[11.17973129],"iteration":11,"passed_time":0.1979477924,"remaining_time":16.29770157},
{"learn":[10.93746433],"iteration":12,"passed_time":0.207082808,"remaining_time":15.72236396},
{"learn":[10.69387075],"iteration":13,"passed_time":0.2127121364,"remaining_time":14.98101189},
{"learn":[10.4615922],"iteration":14,"passed_time":0.2175108947,"remaining_time":14.28321542},
{"learn":[10.2299235],"iteration":15,"passed_time":0.2243134329,"remaining_time":13.79527612},
{"learn":[10.01419731],"iteration":16,"passed_time":0.2293152045,"remaining_time":13.25981447},
{"learn":[9.795856918],"iteration":17,"passed_time":0.2332502224,"remaining_time":12.72509547},
{"learn":[9.60040151],"iteration":18,"passed_time":0.2391321089,"remaining_time":12.34676836},
{"learn":[9.418664989],"iteration":19,"passed_time":0.2431588984,"remaining_time":11.91478602},
{"learn":[9.249278645],"iteration":20,"passed_time":0.2478759043,"remaining_time":11.55573859},
{"learn":[9.090113396],"iteration":21,"passed_time":0.2525168078,"remaining_time":11.22551991},
{"learn":[8.909548708],"iteration":22,"passed_time":0.2561147611,"remaining_time":10.87930963},
{"learn":[8.740140208],"iteration":23,"passed_time":0.2756507734,"remaining_time":11.20979812},
{"learn":[8.59377682],"iteration":24,"passed_time":0.2809587331,"remaining_time":10.95739059},
{"learn":[8.453885414],"iteration":25,"passed_time":0.2856698142,"remaining_time":10.70163073},
{"learn":[8.317732234],"iteration":26,"passed_time":0.298522155,"remaining_time":10.75785395},
{"learn":[8.180896085],"iteration":27,"passed_time":0.3043513421,"remaining_time":10.56533945},
{"learn":[8.053220863],"iteration":28,"passed_time":0.3451030465,"remaining_time":11.555002},
{"learn":[7.924234474],"iteration":29,"passed_time":0.3596451886,"remaining_time":11.62852777},
{"learn":[7.818879511],"iteration":30,"passed_time":0.3938015635,"remaining_time":12.30947468},
{"learn":[7.719346395],"iteration":31,"passed_time":0.4064232553,"remaining_time":12.29430347},
{"learn":[7.624163594],"iteration":32,"passed_time":0.4109453553,"remaining_time":12.0419442},
{"learn":[7.524952543],"iteration":33,"passed_time":0.4309193404,"remaining_time":12.24317891},
{"learn":[7.424464745],"iteration":34,"passed_time":0.4487979632,"remaining_time":12.37400099},
{"learn":[7.327482321],"iteration":35,"passed_time":0.4531859042,"remaining_time":12.13531143},
{"learn":[7.238666841],"iteration":36,"passed_time":0.4638081502,"remaining_time":12.07154726},
{"learn":[7.158842395],"iteration":37,"passed_time":0.4677808431,"remaining_time":11.84224134},
{"learn":[7.074348246],"iteration":38,"passed_time":0.4752128399,"remaining_time":11.70973177},
{"learn":[6.992269093],"iteration":39,"passed_time":0.4833266707,"remaining_time":11.5998401},
{"learn":[6.925219745],"iteration":40,"passed_time":0.4951894624,"remaining_time":11.5826023},
{"learn":[6.86013671],"iteration":41,"passed_time":0.5019176175,"remaining_time":11.44850185},
{"learn":[6.786739622],"iteration":42,"passed_time":0.510361961,"remaining_time":11.35852085},
{"learn":[6.73057926],"iteration":43,"passed_time":0.5176873872,"remaining_time":11.24793505},
{"learn":[6.666356486],"iteration":44,"passed_time":0.5220455992,"remaining_time":11.07896772},
{"learn":[6.606182832],"iteration":45,"passed_time":0.5284654013,"remaining_time":10.95991289},
{"learn":[6.547854615],"iteration":46,"passed_time":0.5381445222,"remaining_time":10.91173893},
{"learn":[6.49240675],"iteration":47,"passed_time":0.5435042092,"remaining_time":10.77950015},
{"learn":[6.431317261],"iteration":48,"passed_time":0.5494578707,"remaining_time":10.66396806},
{"learn":[6.377586395],"iteration":49,"passed_time":0.5567686233,"remaining_time":10.57860384},
{"learn":[6.327558015],"iteration":50,"passed_time":0.5786974262,"remaining_time":10.76831093},
{"learn":[6.282040317],"iteration":51,"passed_time":0.5858187318,"remaining_time":10.67992611},
{"learn":[6.237655841],"iteration":52,"passed_time":0.5903347254,"remaining_time":10.54805632},
{"learn":[6.192792003],"iteration":53,"passed_time":0.5992245135,"remaining_time":10.49752574},
{"learn":[6.150579347],"iteration":54,"passed_time":0.623018895,"remaining_time":10.70459738},
{"learn":[6.115693845],"iteration":55,"passed_time":0.6299947511,"remaining_time":10.61991152},
{"learn":[6.078780782],"iteration":56,"passed_time":0.6380482537,"remaining_time":10.55578076},
{"learn":[6.045146957],"iteration":57,"passed_time":0.6434990489,"remaining_time":10.45131214},
{"learn":[6.008080327],"iteration":58,"passed_time":0.6522145917,"remaining_time":10.40227001},
{"learn":[5.977575734],"iteration":59,"passed_time":0.6589525626,"remaining_time":10.32359015},
{"learn":[5.948036502],"iteration":60,"passed_time":0.6684085829,"remaining_time":10.28910917},
{"learn":[5.914888282],"iteration":61,"passed_time":0.6726850316,"remaining_time":10.17707354},
{"learn":[5.884957796],"iteration":62,"passed_time":0.7172036377,"remaining_time":10.66698109},
{"learn":[5.849539885],"iteration":63,"passed_time":0.7236963902,"remaining_time":10.58405971},
{"learn":[5.821387627],"iteration":64,"passed_time":0.7273310398,"remaining_time":10.46237727},
{"learn":[5.797012279],"iteration":65,"passed_time":0.7347043108,"remaining_time":10.39717919},
{"learn":[5.768685095],"iteration":66,"passed_time":0.7507875823,"remaining_time":10.45499723},
{"learn":[5.755484587],"iteration":67,"passed_time":0.7527446415,"remaining_time":10.3170295},
{"learn":[5.731887055],"iteration":68,"passed_time":0.7570187714,"remaining_time":10.21426777},
{"learn":[5.707148487],"iteration":69,"passed_time":0.7611445319,"remaining_time":10.11234878},
{"learn":[5.685365039],"iteration":70,"passed_time":0.7652877784,"remaining_time":10.01341333},
{"learn":[5.663541834],"iteration":71,"passed_time":0.7692098177,"remaining_time":9.914259872},
{"learn":[5.638108797],"iteration":72,"passed_time":0.7765839706,"remaining_time":9.861552612},
{"learn":[5.619204893],"iteration":73,"passed_time":0.7807413005,"remaining_time":9.769816814},
{"learn":[5.598472793],"iteration":74,"passed_time":0.7853839267,"remaining_time":9.686401762},
{"learn":[5.577007075],"iteration":75,"passed_time":0.7901188037,"remaining_time":9.606181245},
{"learn":[5.562637084],"iteration":76,"passed_time":0.7951881222,"remaining_time":9.531930348},
{"learn":[5.54729991],"iteration":77,"passed_time":0.7990597255,"remaining_time":9.44529573},
{"learn":[5.530737623],"iteration":78,"passed_time":0.8067790926,"remaining_time":9.405614484},
{"learn":[5.513704873],"iteration":79,"passed_time":0.8140059985,"remaining_time":9.361068982},
{"learn":[5.501575529],"iteration":80,"passed_time":0.8245100539,"remaining_time":9.354626414},
{"learn":[5.484080734],"iteration":81,"passed_time":0.8322446385,"remaining_time":9.317080222},
{"learn":[5.472178894],"iteration":82,"passed_time":0.8380301057,"remaining_time":9.258718156},
{"learn":[5.458923342],"iteration":83,"passed_time":0.8431699298,"remaining_time":9.19456733},
{"learn":[5.451382371],"iteration":84,"passed_time":0.846733334,"remaining_time":9.114835301},
{"learn":[5.441410748],"iteration":85,"passed_time":0.8523097353,"remaining_time":9.058268582},
{"learn":[5.434047468],"iteration":86,"passed_time":0.8588859982,"remaining_time":9.013366854},
{"learn":[5.422107497],"iteration":87,"passed_time":0.8690358678,"remaining_time":9.00637172},
{"learn":[5.40731265],"iteration":88,"passed_time":0.8733520194,"remaining_time":8.939592018},
{"learn":[5.396360181],"iteration":89,"passed_time":0.8814485592,"remaining_time":8.912424321},
{"learn":[5.383793239],"iteration":90,"passed_time":0.8892572622,"remaining_time":8.882800564},
{"learn":[5.369605034],"iteration":91,"passed_time":0.8952438804,"remaining_time":8.835667863},
{"learn":[5.357467333],"iteration":92,"passed_time":0.9024833648,"remaining_time":8.801638838},
{"learn":[5.341109968],"iteration":93,"passed_time":0.916139781,"remaining_time":8.830028102},
{"learn":[5.330529276],"iteration":94,"passed_time":0.9349303007,"remaining_time":8.906441286},
{"learn":[5.319862075],"iteration":95,"passed_time":0.9524001022,"remaining_time":8.968434296},
{"learn":[5.313052243],"iteration":96,"passed_time":0.9617015298,"remaining_time":8.952747231},
{"learn":[5.299677207],"iteration":97,"passed_time":0.9693408815,"remaining_time":8.921892604},
{"learn":[5.287546698],"iteration":98,"passed_time":0.9776916459,"remaining_time":8.897981545},
{"learn":[5.279803754],"iteration":99,"passed_time":0.9883102363,"remaining_time":8.894792127},
{"learn":[5.272254612],"iteration":100,"passed_time":0.9958966449,"remaining_time":8.864466176},
{"learn":[5.268813888],"iteration":101,"passed_time":0.997949999,"remaining_time":8.785873521},
{"learn":[5.258113767],"iteration":102,"passed_time":1.005322481,"remaining_time":8.755089959},
{"learn":[5.251018576],"iteration":103,"passed_time":1.009497844,"remaining_time":8.697212192},
{"learn":[5.24171237],"iteration":104,"passed_time":1.016143808,"remaining_time":8.661416265},
{"learn":[5.233984943],"iteration":105,"passed_time":1.023795718,"remaining_time":8.634654449},
{"learn":[5.226240449],"iteration":106,"passed_time":1.033232095,"remaining_time":8.623142628},
{"learn":[5.220541644],"iteration":107,"passed_time":1.043191245,"remaining_time":8.615986951},
{"learn":[5.211712096],"iteration":108,"passed_time":1.054585556,"remaining_time":8.620511286},
{"learn":[5.203388597],"iteration":109,"passed_time":1.058518104,"remaining_time":8.564373747},
{"learn":[5.196026544],"iteration":110,"passed_time":1.062459232,"remaining_time":8.509245562},
{"learn":[5.188716772],"iteration":111,"passed_time":1.067088728,"remaining_time":8.460489203},
{"learn":[5.182163132],"iteration":112,"passed_time":1.070972708,"remaining_time":8.406661878},
{"learn":[5.17764747],"iteration":113,"passed_time":1.075123108,"remaining_time":8.355781347},
{"learn":[5.170548056],"iteration":114,"passed_time":1.084524553,"remaining_time":8.346123735},
{"learn":[5.165901827],"iteration":115,"passed_time":1.088647312,"remaining_time":8.29624331},
{"learn":[5.160333668],"iteration":116,"passed_time":1.098984588,"remaining_time":8.29404608},
{"learn":[5.148953243],"iteration":117,"passed_time":1.104895789,"remaining_time":8.258627848},
{"learn":[5.144729126],"iteration":118,"passed_time":1.107988219,"remaining_time":8.202837153},
{"learn":[5.139939946],"iteration":119,"passed_time":1.112892698,"remaining_time":8.16121312},
{"learn":[5.132898872],"iteration":120,"passed_time":1.117580996,"remaining_time":8.118625581},
{"learn":[5.129073077],"iteration":121,"passed_time":1.125369964,"remaining_time":8.098974001},
{"learn":[5.127123916],"iteration":122,"passed_time":1.130388437,"remaining_time":8.059761456},
{"learn":[5.121282057],"iteration":123,"passed_time":1.134996431,"remaining_time":8.018200591},
{"learn":[5.114489821],"iteration":124,"passed_time":1.140155744,"remaining_time":7.981090211},
{"learn":[5.107777291],"iteration":125,"passed_time":1.147288847,"remaining_time":7.958178196},
{"learn":[5.103518754],"iteration":126,"passed_time":1.157866576,"remaining_time":7.959193074},
{"learn":[5.101133351],"iteration":127,"passed_time":1.160277298,"remaining_time":7.90438909},
{"learn":[5.096462705],"iteration":128,"passed_time":1.171537164,"remaining_time":7.910146279},
{"learn":[5.08562082],"iteration":129,"passed_time":1.175814117,"remaining_time":7.868909863},
{"learn":[5.080483682],"iteration":130,"passed_time":1.180031364,"remaining_time":7.827841647},
{"learn":[5.07437499],"iteration":131,"passed_time":1.186605326,"remaining_time":7.802828963},
{"learn":[5.070683732],"iteration":132,"passed_time":1.190326383,"remaining_time":7.759496043},
{"learn":[5.06432037],"iteration":133,"passed_time":1.199528078,"remaining_time":7.752173999},
{"learn":[5.057436484],"iteration":134,"passed_time":1.204199734,"remaining_time":7.715798296},
{"learn":[5.053254656],"iteration":135,"passed_time":1.20893798,"remaining_time":7.680311873},
{"learn":[5.04801663],"iteration":136,"passed_time":1.214602193,"remaining_time":7.651107244},
{"learn":[5.045680836],"iteration":137,"passed_time":1.218415644,"remaining_time":7.610683224},
{"learn":[5.041857933],"iteration":138,"passed_time":1.223286855,"remaining_time":7.577338},
{"learn":[5.035264888],"iteration":139,"passed_time":1.227249481,"remaining_time":7.538818238},
{"learn":[5.028771948],"iteration":140,"passed_time":1.231894159,"remaining_time":7.504943848},
{"learn":[5.024912247],"iteration":141,"passed_time":1.236113896,"remaining_time":7.468913538},
{"learn":[5.02239068],"iteration":142,"passed_time":1.24175884,"remaining_time":7.441869412},
{"learn":[5.017110572],"iteration":143,"passed_time":1.245534679,"remaining_time":7.404011703},
{"learn":[5.010707886],"iteration":144,"passed_time":1.250370001,"remaining_time":7.372871384},
{"learn":[5.004389868],"iteration":145,"passed_time":1.259287151,"remaining_time":7.365967309},
{"learn":[4.997628683],"iteration":146,"passed_time":1.263844686,"remaining_time":7.333738215},
{"learn":[4.991497851],"iteration":147,"passed_time":1.270505245,"remaining_time":7.313989653},
{"learn":[4.988345253],"iteration":148,"passed_time":1.274762684,"remaining_time":7.280691572},
{"learn":[4.98460423],"iteration":149,"passed_time":1.287202292,"remaining_time":7.294146324},
{"learn":[4.982441783],"iteration":150,"passed_time":1.291566228,"remaining_time":7.261852502},
{"learn":[4.977461771],"iteration":151,"passed_time":1.300430986,"remaining_time":7.255036029},
{"learn":[4.973601586],"iteration":152,"passed_time":1.304591839,"remaining_time":7.222152206},
{"learn":[4.968328804],"iteration":153,"passed_time":1.30881822,"remaining_time":7.19000139},
{"learn":[4.9640736],"iteration":154,"passed_time":1.312670569,"remaining_time":7.156171812},
{"learn":[4.960865882],"iteration":155,"passed_time":1.320288197,"remaining_time":7.143097679},
{"learn":[4.957014156],"iteration":156,"passed_time":1.32699581,"remaining_time":7.125206804},
{"learn":[4.952244852],"iteration":157,"passed_time":1.33147192,"remaining_time":7.095565546},
{"learn":[4.949695675],"iteration":158,"passed_time":1.341971599,"remaining_time":7.09810135},
{"learn":[4.946584698],"iteration":159,"passed_time":1.348135581,"remaining_time":7.077711799},
{"learn":[4.940192834],"iteration":160,"passed_time":1.353714256,"remaining_time":7.054448826},
{"learn":[4.936727994],"iteration":161,"passed_time":1.359279554,"remaining_time":7.031334975},
{"learn":[4.932342063],"iteration":162,"passed_time":1.363670953,"remaining_time":7.002408516},
{"learn":[4.925830838],"iteration":163,"passed_time":1.367714679,"remaining_time":6.972008974},
{"learn":[4.922571773],"iteration":164,"passed_time":1.372730773,"remaining_time":6.946849669},
{"learn":[4.918395814],"iteration":165,"passed_time":1.380674957,"remaining_time":6.936644063},
{"learn":[4.911142452],"iteration":166,"passed_time":1.38460557,"remaining_time":6.906445747},
{"learn":[4.908276131],"iteration":167,"passed_time":1.389384268,"remaining_time":6.880760183},
{"learn":[4.904584645],"iteration":168,"passed_time":1.393064395,"remaining_time":6.849920193},
{"learn":[4.89795517],"iteration":169,"passed_time":1.396838282,"remaining_time":6.819857495},
{"learn":[4.895556491],"iteration":170,"passed_time":1.401729643,"remaining_time":6.795519734},
{"learn":[4.890591233],"iteration":171,"passed_time":1.405161191,"remaining_time":6.764380619},
{"learn":[4.884629277],"iteration":172,"passed_time":1.411065895,"remaining_time":6.745384366},
{"learn":[4.880550786],"iteration":173,"passed_time":1.415177374,"remaining_time":6.718025923},
{"learn":[4.876384842],"iteration":174,"passed_time":1.419755071,"remaining_time":6.693131049},
{"learn":[4.872638238],"iteration":175,"passed_time":1.42577879,"remaining_time":6.675237062},
{"learn":[4.869137118],"iteration":176,"passed_time":1.429138127,"remaining_time":6.645088581},
{"learn":[4.863587157],"iteration":177,"passed_time":1.432796374,"remaining_time":6.616621459},
{"learn":[4.858028614],"iteration":178,"passed_time":1.437981577,"remaining_time":6.595435052},
{"learn":[4.853838176],"iteration":179,"passed_time":1.441160577,"remaining_time":6.565287071},
{"learn":[4.853462329],"iteration":180,"passed_time":1.44356506,"remaining_time":6.53193251},
{"learn":[4.851573196],"iteration":181,"passed_time":1.446837729,"remaining_time":6.502820121},
{"learn":[4.848442087],"iteration":182,"passed_time":1.450095527,"remaining_time":6.473923744},
{"learn":[4.845547104],"iteration":183,"passed_time":1.454290443,"remaining_time":6.449461965},
{"learn":[4.839868817],"iteration":184,"passed_time":1.459472716,"remaining_time":6.429568993},
{"learn":[4.836336958],"iteration":185,"passed_time":1.464656516,"remaining_time":6.409840881},
{"learn":[4.831124789],"iteration":186,"passed_time":1.468176326,"remaining_time":6.383033974},
{"learn":[4.827407333],"iteration":187,"passed_time":1.472696058,"remaining_time":6.360793611},
{"learn":[4.824088918],"iteration":188,"passed_time":1.477311332,"remaining_time":6.339150741},
{"learn":[4.820934539],"iteration":189,"passed_time":1.482815448,"remaining_time":6.321476385},
{"learn":[4.816975227],"iteration":190,"passed_time":1.486997016,"remaining_time":6.298327676},
{"learn":[4.812340486],"iteration":191,"passed_time":1.491610516,"remaining_time":6.277194256},
{"learn":[4.806402747],"iteration":192,"passed_time":1.495177416,"remaining_time":6.251855829},
{"learn":[4.801521788],"iteration":193,"passed_time":1.498436682,"remaining_time":6.225463741},
{"learn":[4.797601172],"iteration":194,"passed_time":1.504353268,"remaining_time":6.210278876},
{"learn":[4.792694629],"iteration":195,"passed_time":1.507509517,"remaining_time":6.183865568},
{"learn":[4.789794613],"iteration":196,"passed_time":1.510648088,"remaining_time":6.157616318},
{"learn":[4.785367055],"iteration":197,"passed_time":1.518773695,"remaining_time":6.151800523},
{"learn":[4.780376856],"iteration":198,"passed_time":1.521836537,"remaining_time":6.125583246},
{"learn":[4.776691261],"iteration":199,"passed_time":1.525263226,"remaining_time":6.101052904},
{"learn":[4.773470753],"iteration":200,"passed_time":1.530557958,"remaining_time":6.084158252},
{"learn":[4.77207327],"iteration":201,"passed_time":1.533973777,"remaining_time":6.059955813},
{"learn":[4.767347177],"iteration":202,"passed_time":1.537353073,"remaining_time":6.035814776},
{"learn":[4.763983068],"iteration":203,"passed_time":1.542329114,"remaining_time":6.018107718},
{"learn":[4.761588849],"iteration":204,"passed_time":1.547387864,"remaining_time":6.000845619},
{"learn":[4.758558086],"iteration":205,"passed_time":1.550649354,"remaining_time":5.976774693},
{"learn":[4.753678804],"iteration":206,"passed_time":1.557071696,"remaining_time":5.965013794},
{"learn":[4.746510889],"iteration":207,"passed_time":1.560292193,"remaining_time":5.94111258},
{"learn":[4.744840601],"iteration":208,"passed_time":1.564534935,"remaining_time":5.92127815},
{"learn":[4.741702222],"iteration":209,"passed_time":1.569782739,"remaining_time":5.905373159},
{"learn":[4.739352853],"iteration":210,"passed_time":1.573240896,"remaining_time":5.882877096},
{"learn":[4.735539287],"iteration":211,"passed_time":1.578961391,"remaining_time":5.868969698},
{"learn":[4.730726751],"iteration":212,"passed_time":1.583540119,"remaining_time":5.850920534},
{"learn":[4.726416092],"iteration":213,"passed_time":1.586652429,"remaining_time":5.827611257},
{"learn":[4.721293082],"iteration":214,"passed_time":1.591101451,"remaining_time":5.809370412},
{"learn":[4.718443695],"iteration":215,"passed_time":1.597336091,"remaining_time":5.797738404},
{"learn":[4.711627962],"iteration":216,"passed_time":1.601175584,"remaining_time":5.777513744},
{"learn":[4.709790764],"iteration":217,"passed_time":1.605180687,"remaining_time":5.758033472},
{"learn":[4.706913073],"iteration":218,"passed_time":1.610127533,"remaining_time":5.742052981},
{"learn":[4.703846389],"iteration":219,"passed_time":1.614244458,"remaining_time":5.72323035},
{"learn":[4.701001135],"iteration":220,"passed_time":1.617716305,"remaining_time":5.702266974},
{"learn":[4.700380864],"iteration":221,"passed_time":1.625581071,"remaining_time":5.696856187},
{"learn":[4.695837486],"iteration":222,"passed_time":1.629786895,"remaining_time":5.678674518},
{"learn":[4.691242996],"iteration":223,"passed_time":1.635410442,"remaining_time":5.66552903},
{"learn":[4.690284609],"iteration":224,"passed_time":1.638485477,"remaining_time":5.643672197},
{"learn":[4.68827119],"iteration":225,"passed_time":1.642264598,"remaining_time":5.624392915},
{"learn":[4.686922425],"iteration":226,"passed_time":1.646344281,"remaining_time":5.606273697},
{"learn":[4.686085874],"iteration":227,"passed_time":1.649777987,"remaining_time":5.586090378},
{"learn":[4.683230741],"iteration":228,"passed_time":1.653541118,"remaining_time":5.567162454},
{"learn":[4.6773487],"iteration":229,"passed_time":1.657637409,"remaining_time":5.549481759},
{"learn":[4.671462906],"iteration":230,"passed_time":1.660625986,"remaining_time":5.528231097},
{"learn":[4.664799601],"iteration":231,"passed_time":1.663754683,"remaining_time":5.50760171},
{"learn":[4.660979386],"iteration":232,"passed_time":1.66921967,"remaining_time":5.494813247},
{"learn":[4.656281279],"iteration":233,"passed_time":1.672681638,"remaining_time":5.475530492},
{"learn":[4.651997094],"iteration":234,"passed_time":1.675548574,"remaining_time":5.454445359},
{"learn":[4.650151977],"iteration":235,"passed_time":1.678927125,"remaining_time":5.435170861},
{"learn":[4.648478046],"iteration":236,"passed_time":1.684094379,"remaining_time":5.421789077},
{"learn":[4.646364602],"iteration":237,"passed_time":1.687466734,"remaining_time":5.402729627},
{"learn":[4.642635873],"iteration":238,"passed_time":1.691007649,"remaining_time":5.384338162},
{"learn":[4.640860821],"iteration":239,"passed_time":1.695945686,"remaining_time":5.370494673},
{"learn":[4.639446822],"iteration":240,"passed_time":1.69875606,"remaining_time":5.350024271},
{"learn":[4.637120072],"iteration":241,"passed_time":1.701695209,"remaining_time":5.330103174},
{"learn":[4.633769267],"iteration":242,"passed_time":1.704938573,"remaining_time":5.311269545},
{"learn":[4.630491517],"iteration":243,"passed_time":1.710450063,"remaining_time":5.29959118},
{"learn":[4.627813333],"iteration":244,"passed_time":1.714005011,"remaining_time":5.28193381},
{"learn":[4.622496304],"iteration":245,"passed_time":1.718390379,"remaining_time":5.266936364},
{"learn":[4.618979301],"iteration":246,"passed_time":1.723559871,"remaining_time":5.254415314},
{"learn":[4.616563458],"iteration":247,"passed_time":1.728277058,"remaining_time":5.240582047},
{"learn":[4.614759385],"iteration":248,"passed_time":1.731767038,"remaining_time":5.223120664},
{"learn":[4.61251363],"iteration":249,"passed_time":1.735422785,"remaining_time":5.206268355},
{"learn":[4.608796693],"iteration":250,"passed_time":1.739822637,"remaining_time":5.191741654},
{"learn":[4.60847774],"iteration":251,"passed_time":1.744654909,"remaining_time":5.178578856},
{"learn":[4.605195659],"iteration":252,"passed_time":1.749498173,"remaining_time":5.165514368},
{"learn":[4.60103766],"iteration":253,"passed_time":1.754588635,"remaining_time":5.153240636},
{"learn":[4.599325598],"iteration":254,"passed_time":1.759498876,"remaining_time":5.140496716},
{"learn":[4.597012808],"iteration":255,"passed_time":1.763001024,"remaining_time":5.123721725},
{"learn":[4.594161533],"iteration":256,"passed_time":1.767232824,"remaining_time":5.109159488},
{"learn":[4.592197259],"iteration":257,"passed_time":1.774603164,"remaining_time":5.103703674},
{"learn":[4.58952828],"iteration":258,"passed_time":1.783631795,"remaining_time":5.102977453},
{"learn":[4.585816572],"iteration":259,"passed_time":1.789737533,"remaining_time":5.093868364},
{"learn":[4.582934052],"iteration":260,"passed_time":1.795035172,"remaining_time":5.082494222},
{"learn":[4.582234842],"iteration":261,"passed_time":1.799748582,"remaining_time":5.069520814},
{"learn":[4.57571562],"iteration":262,"passed_time":1.803897296,"remaining_time":5.055027783},
{"learn":[4.571197349],"iteration":263,"passed_time":1.808319582,"remaining_time":5.041375805},
{"learn":[4.56723703],"iteration":264,"passed_time":1.812901125,"remaining_time":5.028235196},
{"learn":[4.560335567],"iteration":265,"passed_time":1.818171727,"remaining_time":5.017060329},
{"learn":[4.554709345],"iteration":266,"passed_time":1.822819829,"remaining_time":5.004220729},
{"learn":[4.552806306],"iteration":267,"passed_time":1.827216024,"remaining_time":4.990754216},
{"learn":[4.550766241],"iteration":268,"passed_time":1.832700157,"remaining_time":4.980311579},
{"learn":[4.549216045],"iteration":269,"passed_time":1.837749259,"remaining_time":4.968729478},
{"learn":[4.547687452],"iteration":270,"passed_time":1.842108868,"remaining_time":4.95534083},
{"learn":[4.545642435],"iteration":271,"passed_time":1.848587911,"remaining_time":4.947691173},
{"learn":[4.543930359],"iteration":272,"passed_time":1.85240981,"remaining_time":4.93297411},
{"learn":[4.541029943],"iteration":273,"passed_time":1.856668742,"remaining_time":4.91949455},
{"learn":[4.537781449],"iteration":274,"passed_time":1.860985107,"remaining_time":4.906233464},
{"learn":[4.53066128],"iteration":275,"passed_time":1.866212314,"remaining_time":4.895426505},
{"learn":[4.526763956],"iteration":276,"passed_time":1.871265759,"remaining_time":4.884206296},
{"learn":[4.522036004],"iteration":277,"passed_time":1.874536182,"remaining_time":4.868399724},
{"learn":[4.515307629],"iteration":278,"passed_time":1.880831154,"remaining_time":4.860499147},
{"learn":[4.51109143],"iteration":279,"passed_time":1.884183761,"remaining_time":4.845043957},
{"learn":[4.508233494],"iteration":280,"passed_time":1.888870339,"remaining_time":4.833088164},
{"learn":[4.502555629],"iteration":281,"passed_time":1.894569842,"remaining_time":4.823762931},
{"learn":[4.500081355],"iteration":282,"passed_time":1.898408535,"remaining_time":4.809748832},
{"learn":[4.495281743],"iteration":283,"passed_time":1.902596945,"remaining_time":4.796688072},
{"learn":[4.492138869],"iteration":284,"passed_time":1.906572388,"remaining_time":4.783155289},
{"learn":[4.491708261],"iteration":285,"passed_time":1.910280804,"remaining_time":4.769022705},
{"learn":[4.489398865],"iteration":286,"passed_time":1.913926288,"remaining_time":4.754806423},
{"learn":[4.485796373],"iteration":287,"passed_time":1.918661902,"remaining_time":4.743358592},
{"learn":[4.479542205],"iteration":288,"passed_time":1.921649085,"remaining_time":4.727655708},
{"learn":[4.475986993],"iteration":289,"passed_time":1.924877078,"remaining_time":4.712630087},
{"learn":[4.468661855],"iteration":290,"passed_time":1.93450109,"remaining_time":4.71326898},
{"learn":[4.463785664],"iteration":291,"passed_time":1.938325232,"remaining_time":4.699774879},
{"learn":[4.460445831],"iteration":292,"passed_time":1.942725596,"remaining_time":4.687737188},
{"learn":[4.45692492],"iteration":293,"passed_time":1.947503123,"remaining_time":4.67665716},
{"learn":[4.454031688],"iteration":294,"passed_time":1.95124242,"remaining_time":4.663138666},
{"learn":[4.451672391],"iteration":295,"passed_time":1.955270939,"remaining_time":4.650374126},
{"learn":[4.45031553],"iteration":296,"passed_time":1.959553702,"remaining_time":4.638270211},
{"learn":[4.446782666],"iteration":297,"passed_time":1.962998597,"remaining_time":4.624245017},
{"learn":[4.444369689],"iteration":298,"passed_time":1.966961041,"remaining_time":4.61150398},
{"learn":[4.44411683],"iteration":299,"passed_time":1.97058734,"remaining_time":4.598037126},
{"learn":[4.440876943],"iteration":300,"passed_time":1.97433732,"remaining_time":4.584922878},
{"learn":[4.439336453],"iteration":301,"passed_time":1.977454401,"remaining_time":4.570407855},
{"learn":[4.436666901],"iteration":302,"passed_time":1.981668839,"remaining_time":4.558492345},
{"learn":[4.433043336],"iteration":303,"passed_time":1.985773205,"remaining_time":4.546375495},
{"learn":[4.431419305],"iteration":304,"passed_time":1.990701744,"remaining_time":4.53618922},
{"learn":[4.428859646],"iteration":305,"passed_time":1.995006248,"remaining_time":4.524622013},
{"learn":[4.424552441],"iteration":306,"passed_time":1.998323484,"remaining_time":4.510873533},
{"learn":[4.422706391],"iteration":307,"passed_time":2.001443723,"remaining_time":4.496750182},
{"learn":[4.421427994],"iteration":308,"passed_time":2.007546002,"remaining_time":4.489366625},
{"learn":[4.418733158],"iteration":309,"passed_time":2.011996011,"remaining_time":4.478313702},
{"learn":[4.415656941],"iteration":310,"passed_time":2.054798579,"remaining_time":4.552270807},
{"learn":[4.410747417],"iteration":311,"passed_time":2.058898429,"remaining_time":4.540134996},
{"learn":[4.408126521],"iteration":312,"passed_time":2.066270982,"remaining_time":4.535233754},
{"learn":[4.407843853],"iteration":313,"passed_time":2.070834496,"remaining_time":4.524179823},
{"learn":[4.405219398],"iteration":314,"passed_time":2.075680622,"remaining_time":4.513781669},
{"learn":[4.402708465],"iteration":315,"passed_time":2.079946117,"remaining_time":4.502161848},
{"learn":[4.40104971],"iteration":316,"passed_time":2.085009503,"remaining_time":4.492307542},
{"learn":[4.400830038],"iteration":317,"passed_time":2.088185903,"remaining_time":4.478436433},
{"learn":[4.39784288],"iteration":318,"passed_time":2.092486158,"remaining_time":4.467031579},
{"learn":[4.393741845],"iteration":319,"passed_time":2.096275603,"remaining_time":4.454585657},
{"learn":[4.393425936],"iteration":320,"passed_time":2.099909766,"remaining_time":4.441865206},
{"learn":[4.390505974],"iteration":321,"passed_time":2.107146082,"remaining_time":4.43678585},
{"learn":[4.390305136],"iteration":322,"passed_time":2.111749422,"remaining_time":4.426174485},
{"learn":[4.38568203],"iteration":323,"passed_time":2.115736503,"remaining_time":4.414314431},
{"learn":[4.383057135],"iteration":324,"passed_time":2.122844191,"remaining_time":4.40898409},
{"learn":[4.380662684],"iteration":325,"passed_time":2.126591954,"remaining_time":4.396696249},
{"learn":[4.37805727],"iteration":326,"passed_time":2.148728311,"remaining_time":4.422306278},
{"learn":[4.373708319],"iteration":327,"passed_time":2.167550839,"remaining_time":4.440835866},
{"learn":[4.36887921],"iteration":328,"passed_time":2.171367318,"remaining_time":4.428533345},
{"learn":[4.367895929],"iteration":329,"passed_time":2.176182374,"remaining_time":4.418309669},
{"learn":[4.362140573],"iteration":330,"passed_time":2.179821492,"remaining_time":4.405741927},
{"learn":[4.361931924],"iteration":331,"passed_time":2.183392448,"remaining_time":4.39309083},
{"learn":[4.359656377],"iteration":332,"passed_time":2.187405325,"remaining_time":4.381379435},
{"learn":[4.354281355],"iteration":333,"passed_time":2.190792738,"remaining_time":4.368466958},
{"learn":[4.348589447],"iteration":334,"passed_time":2.194166608,"remaining_time":4.355584461},
{"learn":[4.346355698],"iteration":335,"passed_time":2.197696849,"remaining_time":4.343067582},
{"learn":[4.343894047],"iteration":336,"passed_time":2.202135134,"remaining_time":4.332390487},
{"learn":[4.341561356],"iteration":337,"passed_time":2.205999332,"remaining_time":4.320625911},
{"learn":[4.338869061],"iteration":338,"passed_time":2.20978982,"remaining_time":4.308764222},
{"learn":[4.333720063],"iteration":339,"passed_time":2.212797878,"remaining_time":4.295431174},
{"learn":[4.330892223],"iteration":340,"passed_time":2.216400141,"remaining_time":4.283307018},
{"learn":[4.328311474],"iteration":341,"passed_time":2.22233803,"remaining_time":4.275726386},
{"learn":[4.324580133],"iteration":342,"passed_time":2.225601194,"remaining_time":4.263032025},
{"learn":[4.323354432],"iteration":343,"passed_time":2.228885566,"remaining_time":4.250432941},
{"learn":[4.323159553],"iteration":344,"passed_time":2.233220715,"remaining_time":4.239882806},
{"learn":[4.318639682],"iteration":345,"passed_time":2.2368723,"remaining_time":4.228076543},
{"learn":[4.312712208],"iteration":346,"passed_time":2.23995176,"remaining_time":4.215240631},
{"learn":[4.311461062],"iteration":347,"passed_time":2.245013939,"remaining_time":4.206175541},
{"learn":[4.311178356],"iteration":348,"passed_time":2.248339248,"remaining_time":4.193893554},
{"learn":[4.311102505],"iteration":349,"passed_time":2.251396023,"remaining_time":4.181164044},
{"learn":[4.310232308],"iteration":350,"passed_time":2.25510489,"remaining_time":4.169695366},
{"learn":[4.305128197],"iteration":351,"passed_time":2.260432732,"remaining_time":4.161251165},
{"learn":[4.304595496],"iteration":352,"passed_time":2.263741592,"remaining_time":4.149124107},
{"learn":[4.3004992],"iteration":353,"passed_time":2.267306365,"remaining_time":4.137513875},
{"learn":[4.297581524],"iteration":354,"passed_time":2.272281421,"remaining_time":4.128511315},
{"learn":[4.297355825],"iteration":355,"passed_time":2.276013702,"remaining_time":4.117283213},
{"learn":[4.295758715],"iteration":356,"passed_time":2.279700755,"remaining_time":4.106015645},
{"learn":[4.292500657],"iteration":357,"passed_time":2.283264995,"remaining_time":4.094570186},
{"learn":[4.290797586],"iteration":358,"passed_time":2.286810748,"remaining_time":4.083135625},
{"learn":[4.286410608],"iteration":359,"passed_time":2.289504494,"remaining_time":4.070230211},
{"learn":[4.280278245],"iteration":360,"passed_time":2.293658773,"remaining_time":4.059966638},
{"learn":[4.279941283],"iteration":361,"passed_time":2.297492751,"remaining_time":4.049172307},
{"learn":[4.274426275],"iteration":362,"passed_time":2.301389267,"remaining_time":4.038526069},
{"learn":[4.273567658],"iteration":363,"passed_time":2.304440915,"remaining_time":4.026440719},
{"learn":[4.269488271],"iteration":364,"passed_time":2.307492389,"remaining_time":4.014404567},
{"learn":[4.266838205],"iteration":365,"passed_time":2.311669225,"remaining_time":4.004366908},
{"learn":[4.263456509],"iteration":366,"passed_time":2.314892244,"remaining_time":3.99271605},
{"learn":[4.260360204],"iteration":367,"passed_time":2.317879391,"remaining_time":3.98070591},
{"learn":[4.255120549],"iteration":368,"passed_time":2.322919599,"remaining_time":3.972255466},
{"learn":[4.252582211],"iteration":369,"passed_time":2.326390729,"remaining_time":3.961151782},
{"learn":[4.247857931],"iteration":370,"passed_time":2.330247544,"remaining_time":3.950743141},
{"learn":[4.245288911],"iteration":371,"passed_time":2.333244638,"remaining_time":3.938918367},
{"learn":[4.24048515],"iteration":372,"passed_time":2.338653336,"remaining_time":3.931194749},
{"learn":[4.2378365],"iteration":373,"passed_time":2.341996136,"remaining_time":3.920025619},
{"learn":[4.236751063],"iteration":374,"passed_time":2.344942761,"remaining_time":3.908237936},
{"learn":[4.233240093],"iteration":375,"passed_time":2.350748226,"remaining_time":3.901241737},
{"learn":[4.230358421],"iteration":376,"passed_time":2.354155599,"remaining_time":3.89028896},
{"learn":[4.225853583],"iteration":377,"passed_time":2.357004242,"remaining_time":3.878456715},
{"learn":[4.224702126],"iteration":378,"passed_time":2.360401629,"remaining_time":3.867571007},
{"learn":[4.224361982],"iteration":379,"passed_time":2.363361271,"remaining_time":3.856010495},
{"learn":[4.223787954],"iteration":380,"passed_time":2.367080256,"remaining_time":3.845728815},
{"learn":[4.22144054],"iteration":381,"passed_time":2.370164693,"remaining_time":3.834454923},
{"learn":[4.217739335],"iteration":382,"passed_time":2.374215414,"remaining_time":3.824780445},
{"learn":[4.215611665],"iteration":383,"passed_time":2.377369914,"remaining_time":3.81369757},
{"learn":[4.210236863],"iteration":384,"passed_time":2.380392829,"remaining_time":3.802445687},
{"learn":[4.208454294],"iteration":385,"passed_time":2.38378445,"remaining_time":3.791822933},
{"learn":[4.207446501],"iteration":386,"passed_time":2.386923991,"remaining_time":3.780838259},
{"learn":[4.204985442],"iteration":387,"passed_time":2.391003256,"remaining_time":3.77137627},
{"learn":[4.202796622],"iteration":388,"passed_time":2.393796933,"remaining_time":3.759922689},
{"learn":[4.199774004],"iteration":389,"passed_time":2.397087028,"remaining_time":3.749289967},
{"learn":[4.199458358],"iteration":390,"passed_time":2.40066152,"remaining_time":3.739137763},
{"learn":[4.19751254],"iteration":391,"passed_time":2.403687448,"remaining_time":3.728168286},
{"learn":[4.195201346],"iteration":392,"passed_time":2.406743416,"remaining_time":3.717285633},
{"learn":[4.190593508],"iteration":393,"passed_time":2.410377439,"remaining_time":3.707331796},
{"learn":[4.187212054],"iteration":394,"passed_time":2.415091402,"remaining_time":3.699064046},
{"learn":[4.184984466],"iteration":395,"passed_time":2.418007348,"remaining_time":3.688071813},
{"learn":[4.182832144],"iteration":396,"passed_time":2.422445657,"remaining_time":3.679432573},
{"learn":[4.179752812],"iteration":397,"passed_time":2.426213091,"remaining_time":3.669799701},
{"learn":[4.17878934],"iteration":398,"passed_time":2.430185353,"remaining_time":3.660504755},
{"learn":[4.174548229],"iteration":399,"passed_time":2.435582057,"remaining_time":3.653373085},
{"learn":[4.168872556],"iteration":400,"passed_time":2.43903637,"remaining_time":3.643348592},
{"learn":[4.163926494],"iteration":401,"passed_time":2.443372084,"remaining_time":3.634667926},
{"learn":[4.159485076],"iteration":402,"passed_time":2.448190071,"remaining_time":3.626723257},
{"learn":[4.155926102],"iteration":403,"passed_time":2.451226559,"remaining_time":3.616165914},
{"learn":[4.153540115],"iteration":404,"passed_time":2.455502973,"remaining_time":3.60746733},
{"learn":[4.150983044],"iteration":405,"passed_time":2.458799876,"remaining_time":3.597357454},
{"learn":[4.146539132],"iteration":406,"passed_time":2.462235924,"remaining_time":3.587483791},
{"learn":[4.144869174],"iteration":407,"passed_time":2.465424825,"remaining_time":3.577283079},
{"learn":[4.142825962],"iteration":408,"passed_time":2.471546829,"remaining_time":3.571354953},
{"learn":[4.142467378],"iteration":409,"passed_time":2.476281257,"remaining_time":3.563429126},
{"learn":[4.141800768],"iteration":410,"passed_time":2.48106403,"remaining_time":3.555588111},
{"learn":[4.140107084],"iteration":411,"passed_time":2.486908976,"remaining_time":3.549277859},
{"learn":[4.136243196],"iteration":412,"passed_time":2.490278405,"remaining_time":3.539451389},
{"learn":[4.133618439],"iteration":413,"passed_time":2.500176189,"remaining_time":3.538896731},
{"learn":[4.131053025],"iteration":414,"passed_time":2.503330022,"remaining_time":3.528790513},
{"learn":[4.128379975],"iteration":415,"passed_time":2.506904043,"remaining_time":3.519307599},
{"learn":[4.127068571],"iteration":416,"passed_time":2.511658753,"remaining_time":3.511503724},
{"learn":[4.125969877],"iteration":417,"passed_time":2.516156317,"remaining_time":3.503356403},
{"learn":[4.123893633],"iteration":418,"passed_time":2.51938055,"remaining_time":3.493460859},
{"learn":[4.119643722],"iteration":419,"passed_time":2.52316978,"remaining_time":3.484377315},
{"learn":[4.11465686],"iteration":420,"passed_time":2.526021472,"remaining_time":3.474029531},
{"learn":[4.111565986],"iteration":421,"passed_time":2.529350701,"remaining_time":3.464371339},
{"learn":[4.106322452],"iteration":422,"passed_time":2.534815865,"remaining_time":3.457656629},
{"learn":[4.104222175],"iteration":423,"passed_time":2.538361993,"remaining_time":3.44834082},
{"learn":[4.103008002],"iteration":424,"passed_time":2.541612098,"remaining_time":3.438651663},
{"learn":[4.099176337],"iteration":425,"passed_time":2.546818682,"remaining_time":3.431628928},
{"learn":[4.096525716],"iteration":426,"passed_time":2.550603323,"remaining_time":3.422706566},
{"learn":[4.094967724],"iteration":427,"passed_time":2.553602538,"remaining_time":3.412758532},
{"learn":[4.094683584],"iteration":428,"passed_time":2.55781378,"remaining_time":3.404456103},
{"learn":[4.091096563],"iteration":429,"passed_time":2.561589245,"remaining_time":3.395595045},
{"learn":[4.089178677],"iteration":430,"passed_time":2.565035982,"remaining_time":3.386323605},
{"learn":[4.085335077],"iteration":431,"passed_time":2.570370109,"remaining_time":3.379560699},
{"learn":[4.084852122],"iteration":432,"passed_time":2.574328543,"remaining_time":3.371002965},
{"learn":[4.080322952],"iteration":433,"passed_time":2.577687662,"remaining_time":3.361684831},
{"learn":[4.077449519],"iteration":434,"passed_time":2.580980624,"remaining_time":3.352308167},
{"learn":[4.076568374],"iteration":435,"passed_time":2.587088922,"remaining_time":3.346601266},
{"learn":[4.076071793],"iteration":436,"passed_time":2.591762062,"remaining_time":3.339043573},
{"learn":[4.075027644],"iteration":437,"passed_time":2.595018784,"remaining_time":3.329681636},
{"learn":[4.07020837],"iteration":438,"passed_time":2.599572315,"remaining_time":3.322004712},
{"learn":[4.06833694],"iteration":439,"passed_time":2.602459903,"remaining_time":3.312221695},
{"learn":[4.063936568],"iteration":440,"passed_time":2.607397163,"remaining_time":3.305068059},
{"learn":[4.061734926],"iteration":441,"passed_time":2.613510964,"remaining_time":3.299409768},
{"learn":[4.060815619],"iteration":442,"passed_time":2.618739005,"remaining_time":3.292635725},
{"learn":[4.056407489],"iteration":443,"passed_time":2.621958334,"remaining_time":3.283353229},
{"learn":[4.05238936],"iteration":444,"passed_time":2.626331066,"remaining_time":3.275536499},
{"learn":[4.049685254],"iteration":445,"passed_time":2.630526353,"remaining_time":3.267514797},
{"learn":[4.045162016],"iteration":446,"passed_time":2.63409811,"remaining_time":3.258738825},
{"learn":[4.042955482],"iteration":447,"passed_time":2.639350815,"remaining_time":3.252057255},
{"learn":[4.041467663],"iteration":448,"passed_time":2.643794681,"remaining_time":3.244389464},
{"learn":[4.038920476],"iteration":449,"passed_time":2.647035511,"remaining_time":3.235265624},
{"learn":[4.036694383],"iteration":450,"passed_time":2.65113099,"remaining_time":3.227208234},
{"learn":[4.034999007],"iteration":451,"passed_time":2.654771787,"remaining_time":3.218617122},
{"learn":[4.031928018],"iteration":452,"passed_time":2.658210527,"remaining_time":3.209803881},
{"learn":[4.028718143],"iteration":453,"passed_time":2.661626339,"remaining_time":3.200986743},
{"learn":[4.027401978],"iteration":454,"passed_time":2.666688183,"remaining_time":3.194164967},
{"learn":[4.025930598],"iteration":455,"passed_time":2.67050372,"remaining_time":3.185864087},
{"learn":[4.021074523],"iteration":456,"passed_time":2.673437437,"remaining_time":3.176535073},
{"learn":[4.020268486],"iteration":457,"passed_time":2.677570738,"remaining_time":3.16865358},
{"learn":[4.017986361],"iteration":458,"passed_time":2.680250397,"remaining_time":3.159075087},
{"learn":[4.014814804],"iteration":459,"passed_time":2.683158354,"remaining_time":3.149794589},
{"learn":[4.009704796],"iteration":460,"passed_time":2.68607292,"remaining_time":3.140549466},
{"learn":[4.008440457],"iteration":461,"passed_time":2.691513613,"remaining_time":3.134273429},
{"learn":[4.004854849],"iteration":462,"passed_time":2.69537267,"remaining_time":3.126166574},
{"learn":[4.000898028],"iteration":463,"passed_time":2.70166131,"remaining_time":3.120884616},
{"learn":[3.996617985],"iteration":464,"passed_time":2.706754899,"remaining_time":3.114223379},
{"learn":[3.995443319],"iteration":465,"passed_time":2.711517756,"remaining_time":3.107189874},
{"learn":[3.990771995],"iteration":466,"passed_time":2.716790258,"remaining_time":3.100747768},
{"learn":[3.989249359],"iteration":467,"passed_time":2.72270316,"remaining_time":3.095038635},
{"learn":[3.986599538],"iteration":468,"passed_time":2.727275168,"remaining_time":3.087810478},
{"learn":[3.985628919],"iteration":469,"passed_time":2.732878196,"remaining_time":3.081756263},
{"learn":[3.985086112],"iteration":470,"passed_time":2.737934696,"remaining_time":3.075090137},
{"learn":[3.98466839],"iteration":471,"passed_time":2.744418187,"remaining_time":3.070027125},
{"learn":[3.984233894],"iteration":472,"passed_time":2.750321751,"remaining_time":3.064311972},
{"learn":[3.981855845],"iteration":473,"passed_time":2.754138072,"remaining_time":3.056279801},
{"learn":[3.978684264],"iteration":474,"passed_time":2.759699646,"remaining_time":3.050194346},
{"learn":[3.974361269],"iteration":475,"passed_time":2.762927179,"remaining_time":3.041541684},
{"learn":[3.972074049],"iteration":476,"passed_time":2.768282687,"remaining_time":3.035244958},
{"learn":[3.97191982],"iteration":477,"passed_time":2.775774867,"remaining_time":3.031285524},
{"learn":[3.969616848],"iteration":478,"passed_time":2.783369195,"remaining_time":3.027422444},
{"learn":[3.968533527],"iteration":479,"passed_time":2.789350286,"remaining_time":3.021796143},
{"learn":[3.967568753],"iteration":480,"passed_time":2.794392738,"remaining_time":3.015155574},
{"learn":[3.966232553],"iteration":481,"passed_time":2.798112337,"remaining_time":3.007099981},
{"learn":[3.961522393],"iteration":482,"passed_time":2.803554978,"remaining_time":3.000906674},
{"learn":[3.955829553],"iteration":483,"passed_time":2.807864742,"remaining_time":2.993508692},
{"learn":[3.954248095],"iteration":484,"passed_time":2.813538157,"remaining_time":2.987571445},
{"learn":[3.951922606],"iteration":485,"passed_time":2.819009671,"remaining_time":2.981421751},
{"learn":[3.94978202],"iteration":486,"passed_time":2.822705786,"remaining_time":2.973404657},
{"learn":[3.949518999],"iteration":487,"passed_time":2.828322912,"remaining_time":2.967420761},
{"learn":[3.945431216],"iteration":488,"passed_time":2.832269877,"remaining_time":2.959693062},
{"learn":[3.943249086],"iteration":489,"passed_time":2.836152983,"remaining_time":2.951914329},
{"learn":[3.941981548],"iteration":490,"passed_time":2.841537337,"remaining_time":2.945707749},
{"learn":[3.936600517],"iteration":491,"passed_time":2.84580166,"remaining_time":2.938348056},
{"learn":[3.934476885],"iteration":492,"passed_time":2.849392522,"remaining_time":2.930308334},
{"learn":[3.93045798],"iteration":493,"passed_time":2.853859129,"remaining_time":2.923183642},
{"learn":[3.925977375],"iteration":494,"passed_time":2.859592491,"remaining_time":2.917362036},
{"learn":[3.92457993],"iteration":495,"passed_time":2.863449918,"remaining_time":2.909634595},
{"learn":[3.919849146],"iteration":496,"passed_time":2.869689617,"remaining_time":2.904333757},
{"learn":[3.919681964],"iteration":497,"passed_time":2.872600607,"remaining_time":2.895673705},
{"learn":[3.917633027],"iteration":498,"passed_time":2.876124605,"remaining_time":2.887652158},
{"learn":[3.916616419],"iteration":499,"passed_time":2.881180619,"remaining_time":2.881180619},
{"learn":[3.912896166],"iteration":500,"passed_time":2.885601701,"remaining_time":2.874082333},
{"learn":[3.912769674],"iteration":501,"passed_time":2.88935871,"remaining_time":2.866335931},
{"learn":[3.909373788],"iteration":502,"passed_time":2.897300808,"remaining_time":2.86274056},
{"learn":[3.906706036],"iteration":503,"passed_time":2.901943935,"remaining_time":2.855881333},
{"learn":[3.903895664],"iteration":504,"passed_time":2.906062897,"remaining_time":2.848517097},
{"learn":[3.902982967],"iteration":505,"passed_time":2.910429355,"remaining_time":2.841407315},
{"learn":[3.900905528],"iteration":506,"passed_time":2.919781418,"remaining_time":2.83915629},
{"learn":[3.897463465],"iteration":507,"passed_time":2.924936722,"remaining_time":2.832812731},
{"learn":[3.895918033],"iteration":508,"passed_time":2.930817971,"remaining_time":2.827174113},
{"learn":[3.893921936],"iteration":509,"passed_time":2.934359615,"remaining_time":2.819286689},
{"learn":[3.890237934],"iteration":510,"passed_time":2.955950834,"remaining_time":2.828688763},
{"learn":[3.887311613],"iteration":511,"passed_time":2.959410097,"remaining_time":2.820687749},
{"learn":[3.884869735],"iteration":512,"passed_time":2.96375418,"remaining_time":2.813544416},
{"learn":[3.882101231],"iteration":513,"passed_time":2.969255306,"remaining_time":2.80750599},
{"learn":[3.88060368],"iteration":514,"passed_time":2.972288595,"remaining_time":2.79914557},
{"learn":[3.877726076],"iteration":515,"passed_time":2.976748775,"remaining_time":2.7921442},
{"learn":[3.874938145],"iteration":516,"passed_time":2.981027321,"remaining_time":2.784982971},
{"learn":[3.874340833],"iteration":517,"passed_time":2.984494359,"remaining_time":2.777077763},
{"learn":[3.873105224],"iteration":518,"passed_time":2.988369817,"remaining_time":2.769568173},
{"learn":[3.869800236],"iteration":519,"passed_time":2.991517373,"remaining_time":2.761400652},
{"learn":[3.867932518],"iteration":520,"passed_time":2.995230862,"remaining_time":2.753772712},
{"learn":[3.866666962],"iteration":521,"passed_time":2.998207719,"remaining_time":2.745485229},
{"learn":[3.865527652],"iteration":522,"passed_time":3.003423153,"remaining_time":2.73925974},
{"learn":[3.861900081],"iteration":523,"passed_time":3.007191203,"remaining_time":2.731723307},
{"learn":[3.858502887],"iteration":524,"passed_time":3.010337789,"remaining_time":2.723638952},
{"learn":[3.858335097],"iteration":525,"passed_time":3.014045776,"remaining_time":2.716079274},
{"learn":[3.855719306],"iteration":526,"passed_time":3.0184197,"remaining_time":2.709131913},
{"learn":[3.855137428],"iteration":527,"passed_time":3.021778778,"remaining_time":2.701287089},
{"learn":[3.851985706],"iteration":528,"passed_time":3.024651175,"remaining_time":2.693025905},
{"learn":[3.851051809],"iteration":529,"passed_time":3.032047516,"remaining_time":2.688796853},
{"learn":[3.850679146],"iteration":530,"passed_time":3.035329721,"remaining_time":2.680922107},
{"learn":[3.848179484],"iteration":531,"passed_time":3.038407812,"remaining_time":2.672885067},
{"learn":[3.844551071],"iteration":532,"passed_time":3.044098919,"remaining_time":2.667156089},
{"learn":[3.841604794],"iteration":533,"passed_time":3.047248689,"remaining_time":2.65920953},
{"learn":[3.83969656],"iteration":534,"passed_time":3.050018005,"remaining_time":2.650950229},
{"learn":[3.836811463],"iteration":535,"passed_time":3.054825349,"remaining_time":2.644475675},
{"learn":[3.834182551],"iteration":536,"passed_time":3.058386942,"remaining_time":2.636933248},
{"learn":[3.828012842],"iteration":537,"passed_time":3.061678259,"remaining_time":2.629173524},
{"learn":[3.826636176],"iteration":538,"passed_time":3.067011096,"remaining_time":2.623176466},
{"learn":[3.826189798],"iteration":539,"passed_time":3.070491625,"remaining_time":2.615603976},
{"learn":[3.824104738],"iteration":540,"passed_time":3.075259224,"remaining_time":2.609138602},
{"learn":[3.82300218],"iteration":541,"passed_time":3.07973921,"remaining_time":2.602436454},
{"learn":[3.817146402],"iteration":542,"passed_time":3.083302957,"remaining_time":2.594971365},
{"learn":[3.814638044],"iteration":543,"passed_time":3.086357475,"remaining_time":2.587093766},
{"learn":[3.812979573],"iteration":544,"passed_time":3.089455223,"remaining_time":2.579269957},
{"learn":[3.811938825],"iteration":545,"passed_time":3.094976256,"remaining_time":2.573478425},
{"learn":[3.811479418],"iteration":546,"passed_time":3.098134917,"remaining_time":2.565731476},
{"learn":[3.80742981],"iteration":547,"passed_time":3.101477585,"remaining_time":2.558153045},
{"learn":[3.805097043],"iteration":548,"passed_time":3.106407879,"remaining_time":2.551894269},
{"learn":[3.801577232],"iteration":549,"passed_time":3.109506974,"remaining_time":2.54414207},
{"learn":[3.799762083],"iteration":550,"passed_time":3.112646767,"remaining_time":2.536439925},
{"learn":[3.796393455],"iteration":551,"passed_time":3.117482006,"remaining_time":2.530130324},
{"learn":[3.793486459],"iteration":552,"passed_time":3.12124337,"remaining_time":2.522958022},
{"learn":[3.792006091],"iteration":553,"passed_time":3.123912454,"remaining_time":2.514918691},
{"learn":[3.78932128],"iteration":554,"passed_time":3.12837176,"remaining_time":2.508334114},
{"learn":[3.787581812],"iteration":555,"passed_time":3.135038775,"remaining_time":2.503520173},
{"learn":[3.785308865],"iteration":556,"passed_time":3.138445304,"remaining_time":2.496106408},
{"learn":[3.78465475],"iteration":557,"passed_time":3.141680685,"remaining_time":2.488571438},
{"learn":[3.780498869],"iteration":558,"passed_time":3.145938066,"remaining_time":2.481858116},
{"learn":[3.778734909],"iteration":559,"passed_time":3.149620545,"remaining_time":2.474701857},
{"learn":[3.778652349],"iteration":560,"passed_time":3.153513711,"remaining_time":2.467722851},
{"learn":[3.777928006],"iteration":561,"passed_time":3.15682978,"remaining_time":2.46030506},
{"learn":[3.776131406],"iteration":562,"passed_time":3.160391837,"remaining_time":2.453092776},
{"learn":[3.772925617],"iteration":563,"passed_time":3.163811886,"remaining_time":2.445783657},
{"learn":[3.7727745],"iteration":564,"passed_time":3.166391973,"remaining_time":2.437841608},
{"learn":[3.771763073],"iteration":565,"passed_time":3.169584339,"remaining_time":2.430387991},
{"learn":[3.768738162],"iteration":566,"passed_time":3.173463293,"remaining_time":2.423473731},
{"learn":[3.767220794],"iteration":567,"passed_time":3.176897711,"remaining_time":2.416232062},
{"learn":[3.766691102],"iteration":568,"passed_time":3.179698963,"remaining_time":2.40852417},
{"learn":[3.766259335],"iteration":569,"passed_time":3.182932209,"remaining_time":2.401159386},
{"learn":[3.76116362],"iteration":570,"passed_time":3.185989112,"remaining_time":2.393676583},
{"learn":[3.758633056],"iteration":571,"passed_time":3.189353999,"remaining_time":2.386439705},
{"learn":[3.754603809],"iteration":572,"passed_time":3.192430898,"remaining_time":2.379001733},
{"learn":[3.754070549],"iteration":573,"passed_time":3.19807652,"remaining_time":2.373485361},
{"learn":[3.750534319],"iteration":574,"passed_time":3.201255675,"remaining_time":2.366145499},
{"learn":[3.746491516],"iteration":575,"passed_time":3.205557676,"remaining_time":2.359646623},
{"learn":[3.744210544],"iteration":576,"passed_time":3.209280663,"remaining_time":2.352730885},
{"learn":[3.742929991],"iteration":577,"passed_time":3.216106548,"remaining_time":2.348091632},
{"learn":[3.740402992],"iteration":578,"passed_time":3.219393549,"remaining_time":2.340871648},
{"learn":[3.739644243],"iteration":579,"passed_time":3.223356551,"remaining_time":2.334154744},
{"learn":[3.737529404],"iteration":580,"passed_time":3.227479645,"remaining_time":2.327562773},
{"learn":[3.737196923],"iteration":581,"passed_time":3.230525927,"remaining_time":2.320205906},
{"learn":[3.733954464],"iteration":582,"passed_time":3.233544494,"remaining_time":2.312844004},
{"learn":[3.731608623],"iteration":583,"passed_time":3.237580762,"remaining_time":2.306221913},
{"learn":[3.729843952],"iteration":584,"passed_time":3.24114961,"remaining_time":2.299277074},
{"learn":[3.727223798],"iteration":585,"passed_time":3.243837336,"remaining_time":2.291721258},
{"learn":[3.725351667],"iteration":586,"passed_time":3.246889812,"remaining_time":2.284438658},
{"learn":[3.725026912],"iteration":587,"passed_time":3.25254179,"remaining_time":2.278991866},
{"learn":[3.721974565],"iteration":588,"passed_time":3.255365652,"remaining_time":2.271570939},
{"learn":[3.720269493],"iteration":589,"passed_time":3.258553539,"remaining_time":2.264418561},
{"learn":[3.718907466],"iteration":590,"passed_time":3.261594956,"remaining_time":2.257178235},
{"learn":[3.715602912],"iteration":591,"passed_time":3.265177376,"remaining_time":2.250324948},
{"learn":[3.714463059],"iteration":592,"passed_time":3.267806544,"remaining_time":2.242828438},
{"learn":[3.710802077],"iteration":593,"passed_time":3.270777355,"remaining_time":2.235581829},
{"learn":[3.708032435],"iteration":594,"passed_time":3.273870335,"remaining_time":2.228432749},
{"learn":[3.703788939],"iteration":595,"passed_time":3.278855833,"remaining_time":2.222580128},
{"learn":[3.702500944],"iteration":596,"passed_time":3.281864153,"remaining_time":2.215395735},
{"learn":[3.698196925],"iteration":597,"passed_time":3.284889974,"remaining_time":2.208237073},
{"learn":[3.69658891],"iteration":598,"passed_time":3.288189504,"remaining_time":2.201275444},
{"learn":[3.696124066],"iteration":599,"passed_time":3.291553968,"remaining_time":2.194369312},
{"learn":[3.693537052],"iteration":600,"passed_time":3.29490879,"remaining_time":2.187468565},
{"learn":[3.691343275],"iteration":601,"passed_time":3.297968713,"remaining_time":2.180384631},
{"learn":[3.690973831],"iteration":602,"passed_time":3.301541592,"remaining_time":2.173651761},
{"learn":[3.686151073],"iteration":603,"passed_time":3.304755972,"remaining_time":2.166694313},
{"learn":[3.683921982],"iteration":604,"passed_time":3.307825645,"remaining_time":2.15965476},
{"learn":[3.679975271],"iteration":605,"passed_time":3.311405781,"remaining_time":2.152960195},
{"learn":[3.674047638],"iteration":606,"passed_time":3.390210764,"remaining_time":2.194979951},
{"learn":[3.673151794],"iteration":607,"passed_time":3.396158408,"remaining_time":2.189628447},
{"learn":[3.670953108],"iteration":608,"passed_time":3.399837522,"remaining_time":2.182818507},
{"learn":[3.6703947],"iteration":609,"passed_time":3.403071383,"remaining_time":2.175734163},
{"learn":[3.668433805],"iteration":610,"passed_time":3.406829059,"remaining_time":2.168995915},
{"learn":[3.668304956],"iteration":611,"passed_time":3.41277773,"remaining_time":2.163656469},
{"learn":[3.667880012],"iteration":612,"passed_time":3.41630386,"remaining_time":2.156785634},
{"learn":[3.667282264],"iteration":613,"passed_time":3.42008648,"remaining_time":2.15008694},
{"learn":[3.664611483],"iteration":614,"passed_time":3.425067317,"remaining_time":2.144147833},
{"learn":[3.662543394],"iteration":615,"passed_time":3.428927326,"remaining_time":2.137513138},
{"learn":[3.659041959],"iteration":616,"passed_time":3.433200336,"remaining_time":2.131143806},
{"learn":[3.656868545],"iteration":617,"passed_time":3.437944597,"remaining_time":2.12507255},
{"learn":[3.654785614],"iteration":618,"passed_time":3.441226984,"remaining_time":2.118105785},
{"learn":[3.654566096],"iteration":619,"passed_time":3.44432774,"remaining_time":2.111039583},
{"learn":[3.651007045],"iteration":620,"passed_time":3.447857035,"remaining_time":2.104247691},
{"learn":[3.648921786],"iteration":621,"passed_time":3.450910817,"remaining_time":2.097177313},
{"learn":[3.647655706],"iteration":622,"passed_time":3.454287954,"remaining_time":2.090315503},
{"learn":[3.647241144],"iteration":623,"passed_time":3.458788907,"remaining_time":2.084142033},
{"learn":[3.644195689],"iteration":624,"passed_time":3.461957212,"remaining_time":2.077174327},
{"learn":[3.642632246],"iteration":625,"passed_time":3.464930519,"remaining_time":2.070102259},
{"learn":[3.642523322],"iteration":626,"passed_time":3.468579213,"remaining_time":2.06344505},
{"learn":[3.641494659],"iteration":627,"passed_time":3.472009091,"remaining_time":2.056667806},
{"learn":[3.63976496],"iteration":628,"passed_time":3.474776594,"remaining_time":2.049510519},
{"learn":[3.637945652],"iteration":629,"passed_time":3.477830957,"remaining_time":2.042535641},
{"learn":[3.636233667],"iteration":630,"passed_time":3.483385538,"remaining_time":2.037035283},
{"learn":[3.635304404],"iteration":631,"passed_time":3.486705327,"remaining_time":2.030233482},
{"learn":[3.632234951],"iteration":632,"passed_time":3.490155293,"remaining_time":2.023518156},
{"learn":[3.631630987],"iteration":633,"passed_time":3.494327096,"remaining_time":2.017229838},
{"learn":[3.630301009],"iteration":634,"passed_time":3.497980717,"remaining_time":2.010650333},
{"learn":[3.629077964],"iteration":635,"passed_time":3.500919241,"remaining_time":2.003670761},
{"learn":[3.628004522],"iteration":636,"passed_time":3.504081166,"remaining_time":1.996831183},
{"learn":[3.625062876],"iteration":637,"passed_time":3.508662921,"remaining_time":1.990808742},
{"learn":[3.624917986],"iteration":638,"passed_time":3.51198798,"remaining_time":1.984080846},
{"learn":[3.622887087],"iteration":639,"passed_time":3.515329649,"remaining_time":1.977372928},
{"learn":[3.621220865],"iteration":640,"passed_time":3.520161329,"remaining_time":1.971510011},
{"learn":[3.621143844],"iteration":641,"passed_time":3.523107324,"remaining_time":1.964598788},
{"learn":[3.620822821],"iteration":642,"passed_time":3.526426533,"remaining_time":1.957907111},
{"learn":[3.619202826],"iteration":643,"passed_time":3.530664632,"remaining_time":1.951733865},
{"learn":[3.618204882],"iteration":644,"passed_time":3.536163966,"remaining_time":1.946260788},
{"learn":[3.614259666],"iteration":645,"passed_time":3.539585628,"remaining_time":1.93964909},
{"learn":[3.613415661],"iteration":646,"passed_time":3.543316507,"remaining_time":1.933215961},
{"learn":[3.611096773],"iteration":647,"passed_time":3.550665418,"remaining_time":1.928756524},
{"learn":[3.610820695],"iteration":648,"passed_time":3.556381392,"remaining_time":1.923405036},
{"learn":[3.609290065],"iteration":649,"passed_time":3.560619282,"remaining_time":1.917256537},
{"learn":[3.60897947],"iteration":650,"passed_time":3.564064579,"remaining_time":1.910688999},
{"learn":[3.606570702],"iteration":651,"passed_time":3.568603618,"remaining_time":1.904714814},
{"learn":[3.606292637],"iteration":652,"passed_time":3.572890674,"remaining_time":1.898611124},
{"learn":[3.602753838],"iteration":653,"passed_time":3.576839288,"remaining_time":1.892333935},
{"learn":[3.599755869],"iteration":654,"passed_time":3.58113212,"remaining_time":1.886245163},
{"learn":[3.599509575],"iteration":655,"passed_time":3.600646129,"remaining_time":1.888143702},
{"learn":[3.595337722],"iteration":656,"passed_time":3.603828559,"remaining_time":1.881450831},
{"learn":[3.595168561],"iteration":657,"passed_time":3.607929431,"remaining_time":1.875245996},
{"learn":[3.59290559],"iteration":658,"passed_time":3.611447578,"remaining_time":1.868746015},
{"learn":[3.592015928],"iteration":659,"passed_time":3.614660629,"remaining_time":1.8620979},
{"learn":[3.590680403],"iteration":660,"passed_time":3.618164638,"remaining_time":1.855609398},
{"learn":[3.590361532],"iteration":661,"passed_time":3.622195851,"remaining_time":1.84939909},
{"learn":[3.589069739],"iteration":662,"passed_time":3.626098702,"remaining_time":1.843130109},
{"learn":[3.585010186],"iteration":663,"passed_time":3.629630574,"remaining_time":1.836680532},
{"learn":[3.582997552],"iteration":664,"passed_time":3.633183407,"remaining_time":1.830250288},
{"learn":[3.582119256],"iteration":665,"passed_time":3.636793326,"remaining_time":1.823857314},
{"learn":[3.579019356],"iteration":666,"passed_time":3.639740274,"remaining_time":1.817141696},
{"learn":[3.57719559],"iteration":667,"passed_time":3.643093654,"remaining_time":1.810639361},
{"learn":[3.574050046],"iteration":668,"passed_time":3.647464011,"remaining_time":1.804649608},
{"learn":[3.572204518],"iteration":669,"passed_time":3.651853964,"remaining_time":1.79867434},
{"learn":[3.569508025],"iteration":670,"passed_time":3.655127693,"remaining_time":1.792156499},
{"learn":[3.566268704],"iteration":671,"passed_time":3.661510956,"remaining_time":1.787166062},
{"learn":[3.562564052],"iteration":672,"passed_time":3.665298091,"remaining_time":1.780910068},
{"learn":[3.561173586],"iteration":673,"passed_time":3.669080244,"remaining_time":1.774658991},
{"learn":[3.559551904],"iteration":674,"passed_time":3.675794767,"remaining_time":1.76982711},
{"learn":[3.558593054],"iteration":675,"passed_time":3.679310243,"remaining_time":1.763456389},
{"learn":[3.555647008],"iteration":676,"passed_time":3.683005186,"remaining_time":1.757179727},
{"learn":[3.553100059],"iteration":677,"passed_time":3.68809823,"remaining_time":1.751574676},
{"learn":[3.55085578],"iteration":678,"passed_time":3.691302299,"remaining_time":1.745078112},
{"learn":[3.550737965],"iteration":679,"passed_time":3.694404904,"remaining_time":1.738543484},
{"learn":[3.549408772],"iteration":680,"passed_time":3.699517974,"remaining_time":1.732960696},
{"learn":[3.547390589],"iteration":681,"passed_time":3.703555448,"remaining_time":1.72687776},
{"learn":[3.54723575],"iteration":682,"passed_time":3.70693475,"remaining_time":1.720495338},
{"learn":[3.543988891],"iteration":683,"passed_time":3.714214095,"remaining_time":1.715923471},
{"learn":[3.543868508],"iteration":684,"passed_time":3.71712919,"remaining_time":1.709336781},
{"learn":[3.542752124],"iteration":685,"passed_time":3.720518688,"remaining_time":1.702977942},
{"learn":[3.541334315],"iteration":686,"passed_time":3.725721451,"remaining_time":1.697453878},
{"learn":[3.540208266],"iteration":687,"passed_time":3.729276754,"remaining_time":1.691183644},
{"learn":[3.537730983],"iteration":688,"passed_time":3.73243522,"remaining_time":1.684742167},
{"learn":[3.53419867],"iteration":689,"passed_time":3.739082666,"remaining_time":1.67987772},
{"learn":[3.532628335],"iteration":690,"passed_time":3.743261016,"remaining_time":1.673903985},
{"learn":[3.532204987],"iteration":691,"passed_time":3.74695514,"remaining_time":1.667719918},
{"learn":[3.530618147],"iteration":692,"passed_time":3.752619479,"remaining_time":1.662415844},
{"learn":[3.528909306],"iteration":693,"passed_time":3.756341144,"remaining_time":1.656254164},
{"learn":[3.526700678],"iteration":694,"passed_time":3.760740544,"remaining_time":1.650396929},
{"learn":[3.526439574],"iteration":695,"passed_time":3.763899714,"remaining_time":1.644002174},
{"learn":[3.525784216],"iteration":696,"passed_time":3.76782077,"remaining_time":1.63794791},
{"learn":[3.524112693],"iteration":697,"passed_time":3.774064288,"remaining_time":1.632904606},
{"learn":[3.522813541],"iteration":698,"passed_time":3.777941231,"remaining_time":1.626838785},
{"learn":[3.519148203],"iteration":699,"passed_time":3.786225241,"remaining_time":1.622667961},
{"learn":[3.517236747],"iteration":700,"passed_time":3.791408726,"remaining_time":1.617162923},
{"learn":[3.515603888],"iteration":701,"passed_time":3.794548586,"remaining_time":1.61079128},
{"learn":[3.51263524],"iteration":702,"passed_time":3.798031629,"remaining_time":1.604573818},
{"learn":[3.51123442],"iteration":703,"passed_time":3.801120391,"remaining_time":1.598198346},
{"learn":[3.50828027],"iteration":704,"passed_time":3.804365633,"remaining_time":1.591897676},
{"learn":[3.508265537],"iteration":705,"passed_time":3.813682646,"remaining_time":1.588134133},
{"learn":[3.506774876],"iteration":706,"passed_time":3.816781241,"remaining_time":1.581777798},
{"learn":[3.50552068],"iteration":707,"passed_time":3.820118644,"remaining_time":1.575529158},
{"learn":[3.501973993],"iteration":708,"passed_time":3.824386538,"remaining_time":1.569670638},
{"learn":[3.498880354],"iteration":709,"passed_time":3.827345383,"remaining_time":1.563281917},
{"learn":[3.497370959],"iteration":710,"passed_time":3.83031077,"remaining_time":1.556905503},
{"learn":[3.496050455],"iteration":711,"passed_time":3.833891882,"remaining_time":1.550787727},
{"learn":[3.495630067],"iteration":712,"passed_time":3.837512164,"remaining_time":1.544692834},
{"learn":[3.49550669],"iteration":713,"passed_time":3.840336708,"remaining_time":1.538286132},
{"learn":[3.493652375],"iteration":714,"passed_time":3.843559852,"remaining_time":1.532048333},
{"learn":[3.491915684],"iteration":715,"passed_time":3.848693054,"remaining_time":1.526576574},
{"learn":[3.490303956],"iteration":716,"passed_time":3.851754833,"remaining_time":1.52028817},
{"learn":[3.488363853],"iteration":717,"passed_time":3.854750353,"remaining_time":1.513982729},
{"learn":[3.485483936],"iteration":718,"passed_time":3.857648159,"remaining_time":1.507648307},
{"learn":[3.483763466],"iteration":719,"passed_time":3.863143106,"remaining_time":1.50233343},
{"learn":[3.481642352],"iteration":720,"passed_time":3.879825697,"remaining_time":1.501347253},
{"learn":[3.479826119],"iteration":721,"passed_time":3.883350398,"remaining_time":1.495251261},
{"learn":[3.478588728],"iteration":722,"passed_time":3.886181382,"remaining_time":1.488896601},
{"learn":[3.475390887],"iteration":723,"passed_time":3.89332883,"remaining_time":1.484197178},
{"learn":[3.472636852],"iteration":724,"passed_time":3.896479904,"remaining_time":1.477975136},
{"learn":[3.47061883],"iteration":725,"passed_time":3.899341384,"remaining_time":1.471652258},
{"learn":[3.46953149],"iteration":726,"passed_time":3.903688685,"remaining_time":1.465896852},
{"learn":[3.467217162],"iteration":727,"passed_time":3.907410579,"remaining_time":1.459911645},
{"learn":[3.465686216],"iteration":728,"passed_time":3.910437171,"remaining_time":1.453674175},
{"learn":[3.462631216],"iteration":729,"passed_time":3.914034612,"remaining_time":1.447656637},
{"learn":[3.461451053],"iteration":730,"passed_time":3.918494641,"remaining_time":1.441963144},
{"learn":[3.458950469],"iteration":731,"passed_time":3.921759445,"remaining_time":1.435835425},
{"learn":[3.458072145],"iteration":732,"passed_time":3.924468778,"remaining_time":1.429513184},
{"learn":[3.454364268],"iteration":733,"passed_time":3.927930822,"remaining_time":1.423473568},
{"learn":[3.453243406],"iteration":734,"passed_time":3.931842177,"remaining_time":1.417602962},
{"learn":[3.453017963],"iteration":735,"passed_time":3.937036271,"remaining_time":1.412197793},
{"learn":[3.45201581],"iteration":736,"passed_time":3.942406228,"remaining_time":1.406855954},
{"learn":[3.449510107],"iteration":737,"passed_time":3.945814419,"remaining_time":1.400817585},
{"learn":[3.447189189],"iteration":738,"passed_time":3.949245468,"remaining_time":1.394794407},
{"learn":[3.446423605],"iteration":739,"passed_time":3.952362703,"remaining_time":1.388667977},
{"learn":[3.445531987],"iteration":740,"passed_time":3.957092494,"remaining_time":1.383113301},
{"learn":[3.445328199],"iteration":741,"passed_time":3.960848971,"remaining_time":1.377222419},
{"learn":[3.443327544],"iteration":742,"passed_time":3.965379067,"remaining_time":1.371604872},
{"learn":[3.441475798],"iteration":743,"passed_time":3.97057544,"remaining_time":1.366219506},
{"learn":[3.439046501],"iteration":744,"passed_time":3.974620613,"remaining_time":1.360440612},
{"learn":[3.435899469],"iteration":745,"passed_time":3.978518494,"remaining_time":1.354616217},
{"learn":[3.433988352],"iteration":746,"passed_time":3.981638504,"remaining_time":1.348533523},
{"learn":[3.433413263],"iteration":747,"passed_time":3.985032591,"remaining_time":1.342551087},
{"learn":[3.429944699],"iteration":748,"passed_time":3.988049212,"remaining_time":1.336449068},
{"learn":[3.429291634],"iteration":749,"passed_time":3.99207821,"remaining_time":1.330692737},
{"learn":[3.429175603],"iteration":750,"passed_time":3.995124189,"remaining_time":1.324615077},
{"learn":[3.428780323],"iteration":751,"passed_time":3.999412746,"remaining_time":1.318955267},
{"learn":[3.423893341],"iteration":752,"passed_time":4.002947689,"remaining_time":1.313051898},
{"learn":[3.421024316],"iteration":753,"passed_time":4.006477855,"remaining_time":1.307153252},
{"learn":[3.420969872],"iteration":754,"passed_time":4.010242275,"remaining_time":1.301336897},
{"learn":[3.419544785],"iteration":755,"passed_time":4.013254454,"remaining_time":1.295283184},
{"learn":[3.417057977],"iteration":756,"passed_time":4.017160639,"remaining_time":1.289524485},
{"learn":[3.415160245],"iteration":757,"passed_time":4.02014594,"remaining_time":1.283476672},
{"learn":[3.412854597],"iteration":758,"passed_time":4.023710682,"remaining_time":1.277620915},
{"learn":[3.410926347],"iteration":759,"passed_time":4.026730394,"remaining_time":1.271599072},
{"learn":[3.408963843],"iteration":760,"passed_time":4.030871682,"remaining_time":1.265937361},
{"learn":[3.407629634],"iteration":761,"passed_time":4.033871186,"remaining_time":1.259923021},
{"learn":[3.404384724],"iteration":762,"passed_time":4.036821546,"remaining_time":1.253901319},
{"learn":[3.403041656],"iteration":763,"passed_time":4.03951676,"remaining_time":1.247808842},
{"learn":[3.401101731],"iteration":764,"passed_time":4.045954356,"remaining_time":1.242874868},
{"learn":[3.400890668],"iteration":765,"passed_time":4.04952987,"remaining_time":1.23706265},
{"learn":[3.399289941],"iteration":766,"passed_time":4.052896828,"remaining_time":1.231192909},
{"learn":[3.399202366],"iteration":767,"passed_time":4.056142071,"remaining_time":1.225292917},
{"learn":[3.397447845],"iteration":768,"passed_time":4.061092047,"remaining_time":1.219911915},
{"learn":[3.394655341],"iteration":769,"passed_time":4.064197644,"remaining_time":1.213981114},
{"learn":[3.393228229],"iteration":770,"passed_time":4.067541982,"remaining_time":1.208128552},
{"learn":[3.389691197],"iteration":771,"passed_time":4.072244365,"remaining_time":1.202683569},
{"learn":[3.389626772],"iteration":772,"passed_time":4.075137964,"remaining_time":1.196709337},
{"learn":[3.388480222],"iteration":773,"passed_time":4.078036002,"remaining_time":1.190744362},
{"learn":[3.388215066],"iteration":774,"passed_time":4.080792306,"remaining_time":1.184746153},
{"learn":[3.386324358],"iteration":775,"passed_time":4.084092611,"remaining_time":1.178913331},
{"learn":[3.383913061],"iteration":776,"passed_time":4.089154236,"remaining_time":1.173592529},
{"learn":[3.382839768],"iteration":777,"passed_time":4.091870859,"remaining_time":1.167603253},
{"learn":[3.381961844],"iteration":778,"passed_time":4.09590411,"remaining_time":1.161995903},
{"learn":[3.381521703],"iteration":779,"passed_time":4.098877729,"remaining_time":1.156093718},
{"learn":[3.380918963],"iteration":780,"passed_time":4.101746161,"remaining_time":1.150169538},
{"learn":[3.377139006],"iteration":781,"passed_time":4.105840552,"remaining_time":1.144594936},
{"learn":[3.376004372],"iteration":782,"passed_time":4.109792449,"remaining_time":1.138984625},
{"learn":[3.373826468],"iteration":783,"passed_time":4.115260213,"remaining_time":1.133796181},
{"learn":[3.373546786],"iteration":784,"passed_time":4.119814931,"remaining_time":1.128356956},
{"learn":[3.372109181],"iteration":785,"passed_time":4.123031181,"remaining_time":1.122555563},
{"learn":[3.370764924],"iteration":786,"passed_time":4.12579955,"remaining_time":1.116639522},
{"learn":[3.367833107],"iteration":787,"passed_time":4.129741868,"remaining_time":1.111047305},
{"learn":[3.36450404],"iteration":788,"passed_time":4.13522403,"remaining_time":1.105871065},
{"learn":[3.361794558],"iteration":789,"passed_time":4.139795643,"remaining_time":1.100452006},
{"learn":[3.356880529],"iteration":790,"passed_time":4.143550435,"remaining_time":1.094819268},
{"learn":[3.353843509],"iteration":791,"passed_time":4.146894852,"remaining_time":1.089083496},
{"learn":[3.353640253],"iteration":792,"passed_time":4.151234176,"remaining_time":1.083613461},
{"learn":[3.353055088],"iteration":793,"passed_time":4.15637189,"remaining_time":1.078353412},
{"learn":[3.351415617],"iteration":794,"passed_time":4.159309542,"remaining_time":1.07252636},
{"learn":[3.349169061],"iteration":795,"passed_time":4.162669261,"remaining_time":1.066814735},
{"learn":[3.346211014],"iteration":796,"passed_time":4.166159378,"remaining_time":1.061142226},
{"learn":[3.344560452],"iteration":797,"passed_time":4.169604282,"remaining_time":1.055463741},
{"learn":[3.344445461],"iteration":798,"passed_time":4.172825227,"remaining_time":1.049734507},
{"learn":[3.342608898],"iteration":799,"passed_time":4.175727753,"remaining_time":1.043931938},
{"learn":[3.339572899],"iteration":800,"passed_time":4.179685655,"remaining_time":1.038398808},
{"learn":[3.339309302],"iteration":801,"passed_time":4.182926705,"remaining_time":1.032692628},
{"learn":[3.33698088],"iteration":802,"passed_time":4.187734249,"remaining_time":1.027376895},
{"learn":[3.334746342],"iteration":803,"passed_time":4.190710638,"remaining_time":1.021616026},
{"learn":[3.332048511],"iteration":804,"passed_time":4.19658128,"remaining_time":1.016563167},
{"learn":[3.331932544],"iteration":805,"passed_time":4.199694522,"remaining_time":1.010844587},
{"learn":[3.330541133],"iteration":806,"passed_time":4.203847563,"remaining_time":1.00538114},
{"learn":[3.329124989],"iteration":807,"passed_time":4.209064816,"remaining_time":1.000173818},
{"learn":[3.32583918],"iteration":808,"passed_time":4.212040597,"remaining_time":0.9944372732},
{"learn":[3.325287299],"iteration":809,"passed_time":4.21520738,"remaining_time":0.9887523484},
{"learn":[3.322745162],"iteration":810,"passed_time":4.221286501,"remaining_time":0.9837523413},
{"learn":[3.319733662],"iteration":811,"passed_time":4.226064439,"remaining_time":0.978448417},
{"learn":[3.318080007],"iteration":812,"passed_time":4.229749537,"remaining_time":0.9728944199},
{"learn":[3.317179538],"iteration":813,"passed_time":4.236813734,"remaining_time":0.9681171432},
{"learn":[3.315685949],"iteration":814,"passed_time":4.240571992,"remaining_time":0.9625838264},
{"learn":[3.314944576],"iteration":815,"passed_time":4.249556204,"remaining_time":0.9582332617},
{"learn":[3.312369052],"iteration":816,"passed_time":4.257900534,"remaining_time":0.9537280267},
{"learn":[3.312321621],"iteration":817,"passed_time":4.272992832,"remaining_time":0.9507147865},
{"learn":[3.309465776],"iteration":818,"passed_time":4.277033425,"remaining_time":0.9452296091},
{"learn":[3.308307377],"iteration":819,"passed_time":4.281872003,"remaining_time":0.9399231226},
{"learn":[3.308076804],"iteration":820,"passed_time":4.284951899,"remaining_time":0.9342343361},
{"learn":[3.305643326],"iteration":821,"passed_time":4.288150831,"remaining_time":0.9285776738},
{"learn":[3.304154814],"iteration":822,"passed_time":4.292426396,"remaining_time":0.9231585323},
{"learn":[3.303076321],"iteration":823,"passed_time":4.295452604,"remaining_time":0.9174753135},
{"learn":[3.301746372],"iteration":824,"passed_time":4.298606823,"remaining_time":0.9118256897},
{"learn":[3.301345455],"iteration":825,"passed_time":4.305389486,"remaining_time":0.9069464534},
{"learn":[3.299181039],"iteration":826,"passed_time":4.308784833,"remaining_time":0.901354022},
{"learn":[3.297989357],"iteration":827,"passed_time":4.31201452,"remaining_time":0.8957324848},
{"learn":[3.294775182],"iteration":828,"passed_time":4.31650682,"remaining_time":0.8903771607},
{"learn":[3.293840636],"iteration":829,"passed_time":4.320782791,"remaining_time":0.8849796079},
{"learn":[3.289279397],"iteration":830,"passed_time":4.323997715,"remaining_time":0.8793689697},
{"learn":[3.286204979],"iteration":831,"passed_time":4.328942285,"remaining_time":0.874113346},
{"learn":[3.284833593],"iteration":832,"passed_time":4.332083226,"remaining_time":0.8684968772},
{"learn":[3.283519914],"iteration":833,"passed_time":4.335290715,"remaining_time":0.8628995907},
{"learn":[3.282853026],"iteration":834,"passed_time":4.339722333,"remaining_time":0.8575499221},
{"learn":[3.281944673],"iteration":835,"passed_time":4.343153227,"remaining_time":0.8520061354},
{"learn":[3.279764865],"iteration":836,"passed_time":4.346137049,"remaining_time":0.8463803334},
{"learn":[3.277468839],"iteration":837,"passed_time":4.349400578,"remaining_time":0.8408149088},
{"learn":[3.277124974],"iteration":838,"passed_time":4.353568448,"remaining_time":0.8354285103},
{"learn":[3.275636037],"iteration":839,"passed_time":4.356665191,"remaining_time":0.8298409887},
{"learn":[3.274413635],"iteration":840,"passed_time":4.35983525,"remaining_time":0.8242732518},
{"learn":[3.272636087],"iteration":841,"passed_time":4.363365548,"remaining_time":0.8187788083},
{"learn":[3.269644466],"iteration":842,"passed_time":4.367009501,"remaining_time":0.8133101918},
{"learn":[3.26852083],"iteration":843,"passed_time":4.370634024,"remaining_time":0.8078423077},
{"learn":[3.267820927],"iteration":844,"passed_time":4.373463268,"remaining_time":0.8022329071},
{"learn":[3.267331099],"iteration":845,"passed_time":4.379515646,"remaining_time":0.797216796},
{"learn":[3.267231014],"iteration":846,"passed_time":4.383489443,"remaining_time":0.7918227684},
{"learn":[3.267158695],"iteration":847,"passed_time":4.386310511,"remaining_time":0.786225469},
{"learn":[3.264718705],"iteration":848,"passed_time":4.394377885,"remaining_time":0.7815677981},
{"learn":[3.261678512],"iteration":849,"passed_time":4.397514642,"remaining_time":0.7760319956},
{"learn":[3.261368381],"iteration":850,"passed_time":4.400483067,"remaining_time":0.7704723585},
{"learn":[3.260128799],"iteration":851,"passed_time":4.405687841,"remaining_time":0.7653072775},
{"learn":[3.258972952],"iteration":852,"passed_time":4.409820383,"remaining_time":0.7599573227},
{"learn":[3.258724846],"iteration":853,"passed_time":4.41299917,"remaining_time":0.7544471649},
{"learn":[3.25686724],"iteration":854,"passed_time":4.419195409,"remaining_time":0.7494541922},
{"learn":[3.255750259],"iteration":855,"passed_time":4.422617248,"remaining_time":0.7439916866},
{"learn":[3.254915866],"iteration":856,"passed_time":4.425433148,"remaining_time":0.7384328356},
{"learn":[3.254348625],"iteration":857,"passed_time":4.428273369,"remaining_time":0.7328844037},
{"learn":[3.253408514],"iteration":858,"passed_time":4.432072786,"remaining_time":0.727499724},
{"learn":[3.253291714],"iteration":859,"passed_time":4.435013265,"remaining_time":0.7219789036},
{"learn":[3.250186342],"iteration":860,"passed_time":4.438628807,"remaining_time":0.7165730595},
{"learn":[3.249141318],"iteration":861,"passed_time":4.450604071,"remaining_time":0.7125097005},
{"learn":[3.246300388],"iteration":862,"passed_time":4.456879442,"remaining_time":0.7075231559},
{"learn":[3.245205135],"iteration":863,"passed_time":4.46000496,"remaining_time":0.7020378177},
{"learn":[3.244403535],"iteration":864,"passed_time":4.462939009,"remaining_time":0.6965280534},
{"learn":[3.244211781],"iteration":865,"passed_time":4.465818307,"remaining_time":0.6910157658},
{"learn":[3.242286347],"iteration":866,"passed_time":4.469386281,"remaining_time":0.6856151965},
{"learn":[3.239606746],"iteration":867,"passed_time":4.472127647,"remaining_time":0.6800931444},
{"learn":[3.236773361],"iteration":868,"passed_time":4.475432022,"remaining_time":0.6746623647},
{"learn":[3.234552446],"iteration":869,"passed_time":4.478568884,"remaining_time":0.6692114424},
{"learn":[3.233724647],"iteration":870,"passed_time":4.483097968,"remaining_time":0.6639720297},
{"learn":[3.230851485],"iteration":871,"passed_time":4.486169489,"remaining_time":0.6585202919},
{"learn":[3.227728941],"iteration":872,"passed_time":4.489393903,"remaining_time":0.6530962493},
{"learn":[3.225787575],"iteration":873,"passed_time":4.495979536,"remaining_time":0.6481618095},
{"learn":[3.222797487],"iteration":874,"passed_time":4.49954252,"remaining_time":0.6427917885},
{"learn":[3.22137014],"iteration":875,"passed_time":4.502757879,"remaining_time":0.637376686},
{"learn":[3.219701963],"iteration":876,"passed_time":4.508089047,"remaining_time":0.632263344},
{"learn":[3.21783327],"iteration":877,"passed_time":4.511911541,"remaining_time":0.6269398725},
{"learn":[3.217713355],"iteration":878,"passed_time":4.515428939,"remaining_time":0.6215778175},
{"learn":[3.217666091],"iteration":879,"passed_time":4.521354935,"remaining_time":0.6165484002},
{"learn":[3.214962005],"iteration":880,"passed_time":4.524826045,"remaining_time":0.6111853568},
{"learn":[3.214081828],"iteration":881,"passed_time":4.528029733,"remaining_time":0.6057908259},
{"learn":[3.213358337],"iteration":882,"passed_time":4.536349103,"remaining_time":0.6010790998},
{"learn":[3.210850401],"iteration":883,"passed_time":4.53979575,"remaining_time":0.5957198043},
{"learn":[3.207810328],"iteration":884,"passed_time":4.542615203,"remaining_time":0.5902833315},
{"learn":[3.204935073],"iteration":885,"passed_time":4.546071436,"remaining_time":0.5849346994},
{"learn":[3.20280198],"iteration":886,"passed_time":4.550603376,"remaining_time":0.5797273748},
{"learn":[3.200663495],"iteration":887,"passed_time":4.554319442,"remaining_time":0.5744186683},
{"learn":[3.197301669],"iteration":888,"passed_time":4.55792682,"remaining_time":0.5690999741},
{"learn":[3.195666943],"iteration":889,"passed_time":4.561750235,"remaining_time":0.5638118268},
{"learn":[3.193886506],"iteration":890,"passed_time":4.564745995,"remaining_time":0.5584257166},
{"learn":[3.190601248],"iteration":891,"passed_time":4.568992721,"remaining_time":0.5531964281},
{"learn":[3.188983797],"iteration":892,"passed_time":4.572082328,"remaining_time":0.5478306933},
{"learn":[3.187365749],"iteration":893,"passed_time":4.575783563,"remaining_time":0.5425425702},
{"learn":[3.186160771],"iteration":894,"passed_time":4.581661563,"remaining_time":0.5375133677},
{"learn":[3.185358981],"iteration":895,"passed_time":4.585371674,"remaining_time":0.5322306407},
{"learn":[3.183832164],"iteration":896,"passed_time":4.589242017,"remaining_time":0.5269698191},
{"learn":[3.183106966],"iteration":897,"passed_time":4.59257798,"remaining_time":0.5216513964},
{"learn":[3.182838152],"iteration":898,"passed_time":4.595621526,"remaining_time":0.5163045318},
{"learn":[3.180835453],"iteration":899,"passed_time":4.599503447,"remaining_time":0.5110559385},
{"learn":[3.179957348],"iteration":900,"passed_time":4.602765361,"remaining_time":0.5057422539},
{"learn":[3.179752966],"iteration":901,"passed_time":4.606446466,"remaining_time":0.5004786626},
{"learn":[3.178851983],"iteration":902,"passed_time":4.612814136,"remaining_time":0.4955071663},
{"learn":[3.176748586],"iteration":903,"passed_time":4.615875784,"remaining_time":0.4901814992},
{"learn":[3.172960988],"iteration":904,"passed_time":4.618767696,"remaining_time":0.4848430178},
{"learn":[3.172794225],"iteration":905,"passed_time":4.621670703,"remaining_time":0.4795110884},
{"learn":[3.169996507],"iteration":906,"passed_time":4.626634274,"remaining_time":0.4743957965},
{"learn":[3.16813015],"iteration":907,"passed_time":4.629963555,"remaining_time":0.46911525},
{"learn":[3.166920871],"iteration":908,"passed_time":4.633177037,"remaining_time":0.4638274042},
{"learn":[3.16531606],"iteration":909,"passed_time":4.636552972,"remaining_time":0.4585601841},
{"learn":[3.162035247],"iteration":910,"passed_time":4.640305252,"remaining_time":0.453333883},
{"learn":[3.16189467],"iteration":911,"passed_time":4.643461763,"remaining_time":0.448053328},
{"learn":[3.161008416],"iteration":912,"passed_time":4.646312644,"remaining_time":0.4427483023},
{"learn":[3.160560787],"iteration":913,"passed_time":4.650638095,"remaining_time":0.4375873919},
{"learn":[3.160416261],"iteration":914,"passed_time":4.654521862,"remaining_time":0.4323872768},
{"learn":[3.15844291],"iteration":915,"passed_time":4.657972206,"remaining_time":0.4271502897},
{"learn":[3.155040501],"iteration":916,"passed_time":4.661275697,"remaining_time":0.4219039071},
{"learn":[3.154937548],"iteration":917,"passed_time":4.666324311,"remaining_time":0.41681764},
{"learn":[3.153721161],"iteration":918,"passed_time":4.669112814,"remaining_time":0.4115322502},
{"learn":[3.153170511],"iteration":919,"passed_time":4.709911221,"remaining_time":0.4095574975},
{"learn":[3.153113601],"iteration":920,"passed_time":4.750155577,"remaining_time":0.4074509127},
{"learn":[3.150607379],"iteration":921,"passed_time":4.756642434,"remaining_time":0.4024057591},
{"learn":[3.148408359],"iteration":922,"passed_time":4.760625733,"remaining_time":0.3971486256},
{"learn":[3.147495728],"iteration":923,"passed_time":4.767072597,"remaining_time":0.3920968803},
{"learn":[3.146946235],"iteration":924,"passed_time":4.770287955,"remaining_time":0.3867801045},
{"learn":[3.14472738],"iteration":925,"passed_time":4.773759718,"remaining_time":0.3814883576},
{"learn":[3.144469477],"iteration":926,"passed_time":4.777181554,"remaining_time":0.3761966057},
{"learn":[3.142975516],"iteration":927,"passed_time":4.78230492,"remaining_time":0.371040899},
{"learn":[3.14079113],"iteration":928,"passed_time":4.801680636,"remaining_time":0.3669745158},
{"learn":[3.138173032],"iteration":929,"passed_time":4.806568687,"remaining_time":0.3617847399},
{"learn":[3.136352813],"iteration":930,"passed_time":4.811903688,"remaining_time":0.3566287373},
{"learn":[3.133735004],"iteration":931,"passed_time":4.814912704,"remaining_time":0.3513026436},
{"learn":[3.1319496],"iteration":932,"passed_time":4.818832881,"remaining_time":0.3460469486},
{"learn":[3.129865343],"iteration":933,"passed_time":4.82253709,"remaining_time":0.3407788522},
{"learn":[3.129830206],"iteration":934,"passed_time":4.824842377,"remaining_time":0.3354168497},
{"learn":[3.126676562],"iteration":935,"passed_time":4.827789944,"remaining_time":0.3301052953},
{"learn":[3.12645665],"iteration":936,"passed_time":4.832875685,"remaining_time":0.3249425487},
{"learn":[3.126378007],"iteration":937,"passed_time":4.83734088,"remaining_time":0.3197389494},
{"learn":[3.124621914],"iteration":938,"passed_time":4.840264692,"remaining_time":0.3144367905},
{"learn":[3.123379018],"iteration":939,"passed_time":4.843571368,"remaining_time":0.3091641299},
{"learn":[3.123332451],"iteration":940,"passed_time":4.847211224,"remaining_time":0.3039165379},
{"learn":[3.122432444],"iteration":941,"passed_time":4.850683807,"remaining_time":0.2986620603},
{"learn":[3.121889006],"iteration":942,"passed_time":4.853857053,"remaining_time":0.2933932683},
{"learn":[3.121070914],"iteration":943,"passed_time":4.858917773,"remaining_time":0.2882408848},
{"learn":[3.118444705],"iteration":944,"passed_time":4.863073959,"remaining_time":0.2830360505},
{"learn":[3.116820458],"iteration":945,"passed_time":4.866222488,"remaining_time":0.2777759137},
{"learn":[3.114971041],"iteration":946,"passed_time":4.872312659,"remaining_time":0.272684869},
{"learn":[3.114685138],"iteration":947,"passed_time":4.876095147,"remaining_time":0.2674651346},
{"learn":[3.113399363],"iteration":948,"passed_time":4.880057146,"remaining_time":0.2622580763},
{"learn":[3.110575399],"iteration":949,"passed_time":4.885317723,"remaining_time":0.2571219854},
{"learn":[3.110466553],"iteration":950,"passed_time":4.888647512,"remaining_time":0.2518861494},
{"learn":[3.108691641],"iteration":951,"passed_time":4.891811563,"remaining_time":0.2466459612},
{"learn":[3.107898017],"iteration":952,"passed_time":4.894892314,"remaining_time":0.2414060218},
{"learn":[3.105551729],"iteration":953,"passed_time":4.901000664,"remaining_time":0.2363165939},
{"learn":[3.104824945],"iteration":954,"passed_time":4.904213723,"remaining_time":0.2310886048},
{"learn":[3.103186704],"iteration":955,"passed_time":4.907418115,"remaining_time":0.2258644321},
{"learn":[3.102330655],"iteration":956,"passed_time":4.91377505,"remaining_time":0.2207861308},
{"learn":[3.102291298],"iteration":957,"passed_time":4.916828793,"remaining_time":0.2155603438},
{"learn":[3.100363529],"iteration":958,"passed_time":4.920160512,"remaining_time":0.2103509708},
{"learn":[3.097871596],"iteration":959,"passed_time":4.924606082,"remaining_time":0.2051919201},
{"learn":[3.097372213],"iteration":960,"passed_time":4.928277097,"remaining_time":0.2000029207},
{"learn":[3.095981813],"iteration":961,"passed_time":4.931647958,"remaining_time":0.1948052208},
{"learn":[3.095347452],"iteration":962,"passed_time":4.936910993,"remaining_time":0.1896840153},
{"learn":[3.094728409],"iteration":963,"passed_time":4.940015151,"remaining_time":0.1844818936},
{"learn":[3.094118537],"iteration":964,"passed_time":4.943048489,"remaining_time":0.1792815514},
{"learn":[3.093793695],"iteration":965,"passed_time":4.946309381,"remaining_time":0.1740937049},
{"learn":[3.092581602],"iteration":966,"passed_time":4.951175726,"remaining_time":0.1689646318},
{"learn":[3.091694202],"iteration":967,"passed_time":4.954290445,"remaining_time":0.1637781965},
{"learn":[3.090298312],"iteration":968,"passed_time":4.95806155,"remaining_time":0.1586170362},
{"learn":[3.090020107],"iteration":969,"passed_time":4.963462247,"remaining_time":0.1535091417},
{"learn":[3.088949869],"iteration":970,"passed_time":4.966442286,"remaining_time":0.1483283484},
{"learn":[3.086700204],"iteration":971,"passed_time":4.971293776,"remaining_time":0.1432059936},
{"learn":[3.086584317],"iteration":972,"passed_time":4.975313202,"remaining_time":0.1380611063},
{"learn":[3.084850742],"iteration":973,"passed_time":4.978295726,"remaining_time":0.132890851},
{"learn":[3.084239948],"iteration":974,"passed_time":4.981244706,"remaining_time":0.1277242232},
{"learn":[3.082561673],"iteration":975,"passed_time":4.984167967,"remaining_time":0.1225615074},
{"learn":[3.07991814],"iteration":976,"passed_time":4.988982092,"remaining_time":0.1174478896},
{"learn":[3.079350277],"iteration":977,"passed_time":4.991933689,"remaining_time":0.1122929869},
{"learn":[3.077637462],"iteration":978,"passed_time":4.996203428,"remaining_time":0.1071708601},
{"learn":[3.076733301],"iteration":979,"passed_time":4.99974348,"remaining_time":0.1020355812},
{"learn":[3.07594065],"iteration":980,"passed_time":5.00320182,"remaining_time":0.09690197204},
{"learn":[3.072594655],"iteration":981,"passed_time":5.005919866,"remaining_time":0.09175820528},
{"learn":[3.071977674],"iteration":982,"passed_time":5.009120841,"remaining_time":0.08662772564},
{"learn":[3.069532634],"iteration":983,"passed_time":5.01319053,"remaining_time":0.08151529318},
{"learn":[3.068870784],"iteration":984,"passed_time":5.015964084,"remaining_time":0.07638523985},
{"learn":[3.068801463],"iteration":985,"passed_time":5.019091917,"remaining_time":0.0712649968},
{"learn":[3.067433249],"iteration":986,"passed_time":5.022042721,"remaining_time":0.06614645934},
{"learn":[3.065611456],"iteration":987,"passed_time":5.026290762,"remaining_time":0.06104806594},
{"learn":[3.063039162],"iteration":988,"passed_time":5.029692408,"remaining_time":0.05594197825},
{"learn":[3.06177873],"iteration":989,"passed_time":5.032627595,"remaining_time":0.05083462217},
{"learn":[3.061689148],"iteration":990,"passed_time":5.035025641,"remaining_time":0.04572677171},
{"learn":[3.058984039],"iteration":991,"passed_time":5.038874684,"remaining_time":0.04063608616},
{"learn":[3.057492984],"iteration":992,"passed_time":5.04207065,"remaining_time":0.03554329764},
{"learn":[3.057290731],"iteration":993,"passed_time":5.04508396,"remaining_time":0.0304532231},
{"learn":[3.056068348],"iteration":994,"passed_time":5.047891992,"remaining_time":0.02536629142},
{"learn":[3.054987307],"iteration":995,"passed_time":5.051828942,"remaining_time":0.02028846965},
{"learn":[3.054200234],"iteration":996,"passed_time":5.054886231,"remaining_time":0.01521028956},
{"learn":[3.052732869],"iteration":997,"passed_time":5.057796764,"remaining_time":0.01013586526},
{"learn":[3.051787862],"iteration":998,"passed_time":5.062567205,"remaining_time":0.00506763484},
{"learn":[3.051366222],"iteration":999,"passed_time":5.067068964,"remaining_time":0}
]}